Proto-Indo-European,,,Early Proto-Carisitt,,,,,,,,,,,,,,,,,,,,,,,,,,,,,,,,,,,,,,,,,,,,,,,,,,,,,,,,,,,,,,,,,,,,,,,,,,,,,,,,,,,,,,,,,,,,,Middle Proto-Carisitt,,,,,,,,,,,,,,,,,,,,,,,,,,,,,,,,,,,,,,,,,,,,,,,,,,,,,,,,,,,,,,,Late Proto-Carisitt,,,,,,,,,,,,,,,,,,,,,,,,,,,,,,,,,,,,,,,,,,,,,,,,,,,,,,,,,,,,,,,,,,,,,,,,Early Carisitt,,,,,,,,,,,,,,,,,,,,,,,,,,,,,,,,,,,,,,,,,,,,,,,,,,,,,,,,Old Carisitt,,,,,,,,,,,,,,,,,,,,,,,,,,,,,,,,,,,Early Middle Carisitt,,,,,,,,,,,,,,,,,,,,,,,,,,,,,,,,,,,,Late Middle Carisitt,,,,,,,,,,,,,,,,,,,,,,,,,,,,,,,,,,,,,,,,,,,,,Early Modern Carisitt,,,,,,,,,,,,,,,,,,,,,,,,,,,,,,,,,,,,,,,,,,,,Modern Carisitt,,,,,,,,,,,,,,,,,,,,,,,,,,,,,,,,,,,,,,,,,,,,,,,,,,,,,,,,,,,,,,,,
,,,Palatovelars merged with plain velars§ classifying \lang{} as a centum language.,,,Thorn cluster metatheses happen.,,Velar plosives followed by /w/ become labialised.,,,/p/ assimilates into /kʷ/ if the next syllable starts with one. This change can also be found in Proto-Celtic and Proto-Italic.,Unvoiced consonants become voiced allophonically when preceded by a word-initial laryngeal and followed by either a laryngeal or a vowel. The semivowels /w/ and /j/ undergo fortition when preceded by a word-initial laryngeal.,,,,,,In consonant clusters§ consonants assimilate in voicing with the following consonant. This change will remain productive.,,Consonants between two plosives disappear.,Laryngeals adjacent to /e/ disappear§ phonemicising its allophones.,,,,,,Laryngeals following /a/ or /o/ raise the vowel and lengthen it before disappearing. The only exception is /oHo/ which collapses into an overlong vowel instead.,,,Laryngeals adjacent to a syllabic sonorant turn into vowels.,,,,,,Remaining syllabic sonorants epenthesise a neutral vowel before the sonorant.,When following a labialised consonant§ the neutral vowel changes into /u/ while delabialising the preceding consonant.,When preceding an /m/ or following any bilabial consonant§ neutral vowels change into /u/. In all other cases§ it changes into /i/.,,,When following a short vowel§ laryngeals disappear and cause compensatory lengthening.,When appearing between consonants§ laryngeals become vowels. In all other cases§ they are deleted§ phonemicising the word-initial allophones.,,,,Aspirated consonants lose their aspiration when following a nasal consonant.,,,,,,,Word-initially and preceding a vowel§ /gʰ/ is lenited to /h/ while all other voiced aspirated consonants except for /gʷʰ/ become devoiced.,,,,Labialised and aspirated consonants except for /gʷʰ/ shift to a variety of points of articulation.,,,,,,/eye/ is contracted to ê.,Various diphthongs merge into long vowels§ leaving /jo/ as the only diphthong.,,,,,,,,,,Similar to a change found in Proto-Greek§ /s/ debuccalises word-initially when followed by a vowel.,Several other minor consonant shifts happen.,,,,Patalalisation of /tj/ and /dj/ happens in a similar way to Proto-Greek's development.,,,,Geminate consonants not appearing intervocalically are shortened.,When a long vowel is adjacent to a short vowel of the same point of articulation§ the short vowel is deleted. All intervocalic vowels are deleted as well.,,,Word-initially§ /i/ and /u/ lose their syllabicity and become semivowels when followed by another vowel.,,A /w/ is epenthesised to bridge the hiatus between two adjacent long vowels or between a back vowel and another vowel.,,/w/ is dropped word-finally.,/n/ assimilates to /m/ when followed by a labial consonant. This change remains productive.,When in the onset of a stressed syllable that follows an unstressed syllable§ consonants are voiced allophonically. When the stress later shifts to the first syllable§ this allophony is phonemicised.,RESULT,MEANING,GRAMMAR,LOANS,In words of three syllables or more§ the vowel of the penultimate syllable is shortened if it was long. If it was short and the same vowel as in the antipenultimate syllable§ however§ it gets deleted.,/w/ lenites to /v/ word-initially.,/w/ lenites to /v/ intervocalically. A /j/ is epenthesised to break the hiatus between two vowels. This rule remains productive.,,/m/ assimilates into /n/ before any dental consonant.,/mr/ and /nr/ undergo a metathesis into /rm/ and /rn/ respectively. The /rmr/ cluster is simplified to /mr/.,,,LOANS,/oːː/ and /eːː/ are broken while new diphthongs are formed.,,,,,/e/ and /o/ are raised in stressed syllables.,,Vowels followed by a word-final nasal are nasalised while the nasal is lost.,Word-final /s/ is voiced when following a vowel while word-final /d/ is lenited to /ð/.,,Rhotacism causes all instances of /z/ to shift to /r/. When geminate but not intervocalic§ /rː/ is shortened.,,LOANS,Word-final /ns/ nasalises and lengthens the preceding vowel while shifting to /θ/. The same shift happens to word-final /ts/§ albeit without the nasalisation.,,/d/ is allophonically lenited to [ð] intervocalically in a rule that remains productive. /s/ is voiced intervocalically§ however§ this change phonemicises.,,/mr/ and /nr/ are fortified to /mbr/ and /ndr/.,,LOANS,/oː/ is raised in stressed syllables.,Word-final long vowels are shortened.,/ave/§ /ove/ and /ūvi/ shift to /ȳ/.,,,/f/ and /v/ are fortified when following a nasal consonant.,,LOANS,Consonants followed by /w/ are labialised while the /w/ is lost. When followed by /uv/§ the consonant is labialised as well if part of an unstressed syllable.,,The consonants /hʷ/§ /jʷ/§ /mʷ/ and /nʷ/ colour and lengthen the following vowel before losing their labialisation.,,,,,,,,,,,,,,In all other cases§ the labialisation is delayed to a distinct sound.,LOANS,/wj/ geminates into /gg/ while /h/ is fronted to /x/.,,Word-final consonants are devoiced unless part of a cluster.,A large scale metathesis takes place§ moving liquids following a consonant from the onset to the coda if not in the ultimate syllable.,RESULT,MEANING,GRAMMAR,LOANS,Diphthongs merge into long vowels.,,,/õ/ is raised.,/b/ and /g/ are lenited intervocalically in a rule that remains productive. This means that from this point on§ all voiced plosives are lenited to fricatives in intervocalic positions.,,/m/ shifts to /n/ when following a voiceless plosive.,,,A chain shift happens to intervocalic clusters containing a nasal and a plosive§ applying metathesis and lenition. When the nasal is deleted§ preceding vowels are lengthened.,,,,,,,,,LOANS,/x/ palatalises into /s/ before /i/ and /y/ while shifting back to /h/ in all other cases; [x] is kept as allophone before consonants. /θ/ is fortified to /t/.,,,,,When followed by a syllable containing /i/ or /e/§ the vowels /a/§ /o/ and /u/ are raised to /æ/§ /ø/ and /y/ respectively. This change phonemicises and will profoundly affect grammar.,LOANS,The cluster /dw/ shifts to /b/.,Various clusters are simplified.,,,,,,,,,,,,When a nasal is preceded by a short vowel and a voiced plosive§ it is deleted and causes compensatory lengthening to the preceding vowel.,,,Unstressed /eː/ is raised.,LOANS,/lj/ and /rj/ merge into /z/ while /bd/ assimilates to /nd/.,,,When followed by a syllable containing /a/§ the vowels /i/ and /u/ are lowered to /e/ and /o/ respectively. This change phonemicises and will profoundly affect grammar.,An unstressed§ short vowel between a plosive and a liquid is deleted if the liquid is followed by another vowel.,When followed by a consonant and a /j/§ the /j/ is deleted and the vowel is raised. If directly followed by /j/§ the vowel is raised without the consonant deletion.,,,,,,,,,,,,LOANS,/ãː/ is retraced to /õː/ before all vowels lose their nasal quality.,,When preceded by /w/§ /u/ is lengthened and the consonant disappears in word-final environments.,/w/ shifts to /v/ when following liquids.,When followed by another consonant§ /j/ disappears and the following consonant is geminated. Word-final geminates are simplified.,,RESULT,MEANING,GRAMMAR,LOANS,A chain shift involving /u/§ /y/ and /ø/ happens.,,,The cluster /st/ turns into the affricate /t͡s/ before vowels.,Long vowels appearing word-initially or after a word-initial /h/ break.,,,,,,,,,,,,,,,,LOANS,When a /j/ is preceded by a vowel and another /j/§ it dissimilates into /l/.,[β]§ formerly an intervocalic allophone of /b/§ shifts to /w/ and phonemicises.,The dental geminates /tt/ and /dd/ affricatise to /t͡s/ and /d͡z/§ respectively.,,/g/ palatalises to /d͡z/ in front of front vowels.,LOANS,/uː/ shifts to /u/ while /iː/ merges into /i/.,,The long vowels /aː/§ /æː/§ /eː/§ /oː/§ /øː/ and /yː/ diphthongise.,,,,,,When followed by /j/§ /i/ disappears§ triggering monophthongisation in some of the newly formed diphthongs.,[ʒ] becomes an intervocalic allophone of /j/ in a rule that remains productive.,LOANS,The affricates /t͡s/ and /d͡z/ palatalise before front vowels while the clusters /tj/ and /dj/ palatalise when not part of a bigger cluster involving a non-liquid.,,,,/s/ allophonically palatalises into [ʃ] before unvoiced plosives§ nasals and /l/ in a rule that remains productive.,,,,,,The diphthongs /yi̯/ and /øi̯/ perform a slight shift while /æ/ and /œ/ merges into /e/ and /a/.,,,,RESULT,MEANING,GRAMMAR,LOANS,Intervocalic /z/ undergoes rhotacism and shifts to /r/ while [ʒ]§ formerly an intervocalic allophone of /j/§ phonemicises and takes its place.,,Unvoiced plosives followed by a rhotic perform metathesis when following a vowel.,,,Plosives and fricatives get voiced in the onset of a syllable if the next syllable starts with a voiced plosive or fricative. Up to one sonorant is allowed between the vowel and the next syllable.,LOANS,When a diphthong is followed by a sonorant and a consonant§ the nonsyllabic vowel of the diphthong is epenthesised between the sonorant and the consonant.,When a word-final rhotic follows a vowel§ the vowel becomes rhotacised and the rhotic disappears.,/p/ shifts to /f/ in front of /i/§ /u/ and /y/.,,,/n/ and /l/ are palatalised when followed by /i/ or /e/.,,,,LOANS,When a diphthong is followed by a sonorant and another vowel which is the same as the nonsyllabic vowel of the diphthong or when followed by a consonant cluster§ diphthongs are monophthongised.,,Various vowels are lowered before a velar consonant.,,,,,,,,Several rhotacised vowels are lowered before all vowels lose their rhotic quality.,,,,RESULT,MEANING,GRAMMAR,LOANS,If a consonant cluster is followed by /j/§ an /i/ is epenthesised before the last consonant.,Various vowels are lowered before a liquid.,,,,,,,,,,When a consonant is preceded by /i/ or followed by /i/ or /e/ and followed by /j/§ the /j/ disappears and the consonant is geminated.,,LOANS,Various clusters induce palatalisation.,,,,Several clusters containing liquids undergo metathesis.,,,,,,,,/w/ possibly colours nearby vowels before fortifying to /v/.,,,,Word-final /o/ and /y/ are shifted.,,RESULT,MEANING,GRAMMAR,LOANS,Intervocalic /v/ is palatalised when adjacent syllables don't contain /i/ or /j/.,/jy/ and /ji/ merge into /je/.,,Word-initial /j/ fronts the following vowel before being deleted. In the case of a word-initial /hj/§ the same vowel shift happens but the /h/ is deleted instead. /h/ is dropped before consonants.,,,,,,,,,,,[ð] and [ɣ]§ previously intervocalic allophones of /d/ and /g/ respectively§ phonemicise and shift to /z/ and /j/§ respectively.,,LOANS,When preceded by /ʃ/ or /ʒ/§ stressed consonants are fronted.,,,,,Affricates deaffricatise to the plosive in stressed positions and to the fricative in unstressed positions.,/vʲ/ shifts to /j/.,Several consonants become geminated.,,,,/mn/ shifts to /βn/.,LOANS,[ʃ]§ previously an allophone of /s/ before voiceless plosives§ nasals and /l/§ phonemicises. /sj/ and /zj/ become palatalised. /ʃ/ disappears before nasals while /ʃk/ is simplified to /ʃ/.,,,,,Non-velar plosives followed by /ʃ/ shift to nasals.,,Word-final /e/ and /a/ allophonically shift to [ɐ] while word-final /ø/ and /i/ allophonically shift to [e] if unstressed.,,,,RESULT,MEANING,GRAMMAR,LOANS,/rgr/ dissimilates into /ngr/.,/β/ merges into /v/.,All short§ unstressed§ non-high word-final vowels are deleted. Word-final sonorants following a consonant gain syllabicity.,,,,/gd/ and /vr/ shift to /rd/ and /pr/ respectively.,,A chain shift involving ss§ ts and st occurs.,,/ʃ/ depalatalises before nasals.,Several minor consonant shifts occur.,,,ORTHO,Several geminate consonants fortify.,,,,,,LOANS,Geminate voiced plosives become unvoiced.,,,/ʒ/ fortifies to /t͡ʃ/ when following a consonant that's not a plosive.,Word-initial plosives not part of a cluster go through a chain shift.,,,,,,/rː/ fortifies.,Syllabic sonorants epenthesise an ə before them.,The semivowels j and w become vowels when following a consonant in word-final positions.,,Geminate plosives fortify.,,,Word-final /uj/ performs a syllabic shift to /wi/ when following a vowel.,RESULT,MEANING,GRAMMAR,LOANS,Word-final /l/ vocalises to /w/ when following a back vowel.,When preceding a non-intervocalic liquid§ /y/ and /ø/ shift. A similar shift can be found for vowels preceding h which is subsequently deleted.,,,,,,,,Plosives are lenited when followed by another plosive when following a vowel. Otherwise§ the following plosive is lenited instead.,,,,,,,,,,,,Intervocalic fricatives are voiced.,,,LOANS,/ʉ/ merges into /ɨ/ before a big chain shift occurs.,,,,The sequences /ij/ and /uw/ shift to different diphthongs.,,/yi̯/ and /øi̯/ shift to monophthongs.,,/e/ and /o/ break while /ai̯/ and /ui̯/ monophthongise when stressed.,,,,/x/ and /ɣ/ fronten to /ç/ and /ʝ/.,,LOANS,"/eu̯/, /au̯/, /ei̯/, /oi̯/ and /ou̯/ monophthongise while /ɑ/ shifts to /ɔ/.",,,,,,/o/ shifts to /ɔ/ when stressed.,/h/ fronts to /ç/.,/i/ and /e/ break when stressed.,,Another chain shift occurs.,,,/ç/ and /ʝ/ back when adjacent to a back vowel.,,,,LOANS,/w/ is fortified to /β/.,Word-final dental consonants are deleted when following a nasal.,/ŋg/ is simplified to /ŋ/.,RESULT,MEANING
ROOT,DEFAULT,FORMATION,ḱ > k,ǵ > g,ǵʰ > gʰ,tk > ks,dg > gz,kw > kʷ,gw > gʷ,gʰw > gʷʰ,p…kʷ > kʷ…kʷ,p > [b] / #H_{H§V},t > [d] / #H_{H§V},k > [g] / #H_{H§V},s > [z] / #H_{H§V},w > kʷ / #H_,j > k / #H_,C[-voiced] > C[+voiced] / _C[+voiced],C[+voiced] > C[-voiced] / _C[-voiced],C > Ø / P_P,h₁e > e,h₂e > a,h₃e > o,eh₁ > ē,eh₂ > ā,eh₃ > ō,oHo,aH > ī,oH > ū,S̥h₁ > Se,S̥h₂ > Sa,S̥h₃ > So,h₁S̥ > eS,h₂S̥ > aS,h₃S̥ > oS,S̥ > əS,ʷə > u,ə > u / _m,ə > u / {p§b§m}_,ə > i,V[-long]H > V[+long],h₁ > e / C_C,h₂ > a / C_C,h₃ > o / C_C,H > Ø,pʰ > p / N_,bʰ > b / N_,tʰ > t / N_,dʰ > d / N_,kʰ > k / N_,gʰ > g / N_,gʷʰ > gʷ / N_,gʰ > h / #_V,bʰ > p,dʰ > t,gʰ > k,kʷ > f,gʷ > b,pʰ > f,tʰ > s,kʰ > f,kʷʰ > f,eye > ê,wo > ō,aw > ō,ow > ū,wa > ū,aj > ē,oj > ē,ej > ē,we > ē,ew > ȳ,jā > jo,s > h / #_V,pt > st / #_,d > Ø / #_l,sr > str,gʷʰ > w,tj > s,ti > s / _V,dj > z,di > z / _V,C₁C₁ > C₁ / ! V_V,V₁[-long]V₁[+long] > V₁[+long],V₁[+long]V₁[-long] > V₁[+long],V > Ø / V_V,i > j / #_V,u > w / #_V,Ø > w / V[+long]_V[+long],Ø > w / V[+back]_V,w > Ø / _#,n > m / _C[+labial],???,VVV,VVV,CHANGES,300 BC,???,w > v / #_,w > v / V_V,Ø > j / V_V,m > n / _C[+dental],mr > rm,nr > rn,rmr > mr,225 BC,ô > uvō,ê > ivē,ove > ou̯,jo > oi̯ / C_C,aj > ai̯ / C_C,e > i / _[+stress],o > u / _[+stress],VN > V[+nasal] / _#,s > z / V_#,d > ð / _#,z > r,rr > r / ! V_V,150 BC,Vns > V[+nasal +long]θ / _#,V...ts > V[+long]θ _#,d > [ð] / V_V,s > z / V_V,mr > mbr,nr > ndr,50 BC,ō > ū / _[+stress],V[+long] > V[-long] / _#,ave > ȳ,ove > ȳ,ūvi > ȳ,f > p / N_,v > b / N_,25 AD,Cw > Cʷ,CuvV > CʷV / _[-stress],i > ē / {h§j§m§n}ʷ_,ī > ē / {h§j§m§n}ʷ_,a > ō / {h§j§m§n}ʷ_,ā > ō / {h§j§m§n}ʷ_,e > ā / {h§j§m§n}ʷ_,ē > ā / {h§j§m§n}ʷ_,o > ū / {h§j§m§n}ʷ_,ō > ū / {h§j§m§n}ʷ_,u > ū / {h§j§m§n}ʷ_,y > ȳ / {h§j§m§n}ʷ_,hʷ > h,jʷ > j,mʷ > m,nʷ > n,Cʷ > Cw,100 AD,wj > gg,h > x,C[+voiced] > C[-voiced] / V_#,???,VVV,VVV,CHANGES,150 AD,ai̯ > ē,ou̯ > ū,oi̯ > ī,õ > ũ,b > [β] / V_V,g > [ɣ] / V_V,m > n / p_,m > n / t_,m > n / k_,Vmb > V[+long]b / _V,Vnd > V[+long]d / _V,Vng > v[+long]g / _V,mp > mb / V_V,nt > nd / V_V,nk > ng / V_V,pn > mp / V_V,tn > nt / V_V,kn > nk / V_V,250 AD,x > s / _{i§ī},x > s / _{y§ȳ},x > h,h > [x] / _C,θ > t,???,325 AD,dw > b,ngl > gl,lmb > lb,ksn > zn,lnd > ld,rnd > rd,rnt > rt,stk > sk,ptk > pk,lgd > ld,mbd > nd,lns > ls,L > Ø / C_C,V[-short]bN > V[+long]b,V[-short]dN > V[+long]d,V[-short]gN > V[+long]g,ē > ī / _[-stress],400 AD,lj > z,rj > z,bd > nd,???,V[-long -stress] > Ø / P_LV,aCj > æC,āCj > ǣC,oCj > øC,ōCj > ø̄C,uCj > yC,ūCj > ȳC,aj > æj,āj > ǣj,oj > øj,ōj > ø̄j,uj > yj,ūj > ȳj,500 AD,ã̄ > ȭ,V[+nasal] > V[-nasal],wu > ū / _#,w > v / L_,jC₁ > C₁C₁,C₁C₁ > C₁ / _#,VVV,VVV,CHANGES,550 AD,ø > œ,y > ø,u > y,st > t͡s / _V,ā > ja / #_,ē > je / #_,ī > ji / #_,ō > jo / #_,ū > ju / #_,ȳ > jy / #_,ǣ > jæ / #_,ø̄ > jø / #_,ā > ja / #h_,ē > je / #h_,ī > ji / #h_,ō > jo / #h_,ū > ju / #h_,ȳ > jy / #h_,ǣ > jæ / #h_,ø̄ > jø / #h_,650 AD,jVj > jVl,[β] > w,tt > t͡s,dd > d͡z,g > d͡z / _V[+front],725 AD,ū > u,ī > i,ā > au̯,ǣ > ai̯,ē > eu̯,ō > ou̯,ø̄ > øi̯,ȳ > yi̯,ij > j,j > [ʒ] / V_V,850 AD,t͡s > t͡ʃ / _V[+front],d͡z > d͡ʒ / _V[+front],tj > t͡ʃ,dj > d͡ʒ,s > [ʃ] / _p,s > [ʃ] / _t,s > [ʃ] / _k,s > [ʃ] / _m,s > [ʃ] / _n,s > [ʃ] / _l,yi̯ > ui̯,øi̯ > oi̯,æ > e,œ > a,VVV,VVV,CHANGES,975 AD,z > r / V_V,[ʒ] > z,pr > rp / _V,tr > rt / _V,kr > rk / _V,{P§ F}[-voiced] > {P§ F}[+voiced] / {#§ V}_V(V)(S){P§ F}[+voiced]V,1050 AD,V₁V₂SC > V₁V₂SV₂C,Vr > V˞ / _#,p > f / _i,p > f / _u,p > f / _y,n > ɲ / _i,n > ɲ / _e,l > ʎ / _i,l > ʎ / _e,1125 AD,V₁V₂SV₂ > V₁SV₂,V₁V₂ > V₁ / \_K,i > e / _C[+velar],a > o / _C[+velar],e > a / _C[+velar],y > ø / _C[+velar],ou̯ > au̯ / _C[+velar],eu̯ > au̯ / _C[+velar],au̯ > ou̯ / _C[+velar],oi̯ > ai̯ / _C[+velar],u˞ > o˞,i˞ > e˞,au̯˞ > ø˞,V˞ > V,VVV,VVV,CHANGES,1200 AD,Ø > i / C_Cj,i > e / _L,y > ø / _L,a > o / _L,e > a / _L,u > o / _L,ou̯ > au̯ / _L,eu̯ > au̯ / _L,au̯ > ou̯ / _L,ui̯ > oi̯ / _L,oi̯ > ai̯ / _L,C₁j > C₁C₁ / i_,C₁j > C₁C₁ / _{i§e},1250 AD,rs > t͡ʃ,rn > nd͡ʒ,zn > nd͡ʒ,rz > rd͡ʒ,lz > rl,lr > rl,lf > fl,lv > vl,ls > sl,lz > zl,rf > fr,rv > vr,ow > uv / _o,we > ø / C_,ew > av / _e,w > v,o > a / _#,y > e / _#,VVV,VVV,CHANGES,1350 AD,???,jy > je,ji > je,jø > y / #_,je > i / #_,ja > e / #_,jo > u / #_,ju > y / #_,hjø > jy / #_,hje > ji / #_,hja > je / #_,hjo > ju / #_,hju > jy / #_,h > Ø / _C,[ð] > z,[ɣ] > j,1400 AD,ø > y / {ʃ§ʒ}_[+stress],e > i / {ʃ§ʒ}_[+stress],a > e / {ʃ§ʒ}_[+stress],o > u / {ʃ§ʒ}_[+stress],u > y / {ʃ§ʒ}_[+stress],???,vʲ > j,ln > nn,vl > ll,gl > ll,rm > mm,mn > βn,1475 AD,[ʃ] > ʃ,sj > ʃ,zj > ʒ,ʃ > Ø / _N,ʃk > ʃ,p > m / ʃ_,t > n / ʃ_,e > [ɐ] / _[-stress],a > [ɐ] / _[-stress],ø > [e] / _[-stress],i > [e] / _[-stress],VVV,VVV,CHANGES,1525 AD,rgr > ngr,β > v,[ɐ] > Ø,e > Ø / _#,o > Ø / _#,S > S̩ / C_#,gd > rd,vr > pr,ts > st,ss > ts,ʃ > s / _N,lj > ʎ,nj > ɲ,gn > ɲ,VVV,ll > lk / _#,ll > kl,nn > nt / _#,nn > tn,mm > mp / _#,mm > pm,1625 AD,bb > pp,dd > tt,gg > kk,ʒ > t͡ʃ / C[-plosive]_,p > [pʰ] / #_V,b > [p] / #_V,t > [tˢ] / #_V,d > [t] / #_V,k > [kˣ] / #_V,g > [k] / #_V,rr > tr,S̩ > [əS],j > i / C_#,w > u / C_#,pp > hp,tt > ht,kk > hk,u̯i̯ > wi / V_#,VVV,VVV,CHANGES,1700 AD,l > w / _V[+back]_#,y > [ʉ] / _LC,ø > [ʉ] / _LC,a > ɑ / _h,e > ɨ / _h,i > ɨ / _h,y > ʉ / _h,ø > ʉ / _h,h > Ø / _C,p > [f] / V_P,b > [v] / V_P,t > [s] / V_P,d > [z] / V_P,k > [x] / V_P,g > [ɣ] / V_P,p > [f] / P_,b > [v] / P_,t > [s] / P_,d > [z] / P_,k > [x] / P_,g > [ɣ] / P_,s > [z] / V_V,f > [v] / V_V,ʃ > [ʒ] / V_V,1775 AD,ʉ > ɨ,i > ɨ,y > i,ø > y,ij > ei̯,uw > ou̯,yi̯ > i,øi̯ > e,e > ie̯ / _[+stress],o > ue̯ / _[+stress],ai̯ > ɛ / _[+stress],ui̯ > y / _[+stress],x > ç,ɣ > ʝ,1875 AD,eu̯ > ɛ,au̯ > ɔ,ei̯ > i,oi̯ > u,ou̯ > u,ɑ > ɔ,o > ɔ / _[+stress],h > ç,i > ei̯ / _[+stress],e > ai̯ / _[+stress],ɛ > œ,a > ɛ,ɔ > a,ç > [x] / V[+back]_,ç > [x] / _V[+back],ʝ > [ɣ] / V[+back]_,ʝ > [ɣ] / _V[+back],1975 AD,w > β,C[+dental] > Ø / N_#,ŋg > ŋ,VVV,VVV
//,THEM_MASC,,,,,,,,,,,,,,,,,,,,,,,,,,,,,,,,,,,,,,,,,,,,,,,,,,,,,,,,,,,,,,,,,,,,,,,,,,,,,,,,,,,,,,,,,,,,,,,,,,,,,,,,,,,,,,,,,,,,,,,,,,,,,,,,,,,,,,,,,,,,,,,,,,,,,,,,,,,,,,,,,,,,,,,,,,,,,,,,,,,,,,,,,,,,,,,,,,,,,,,,,,,,,,,,,,,,,,,,,,,,,,,,,,,,,,,,,,,,,,,,,,,,,,,,,,,,,,,,,,,,,,,,,,,,,,,,,,,,,,,,,,,,,,,,,,,,,,,,,,,,,,,,,,,,,,,,,,,,,,,,,,,,,,,,,,,,,,,,,,,,,,,,,,,,,,,,,,,,,,,,,,,,,,,,,,,,,,,,,,,,,,,,,,,,,,,,,,,,,,,,,,,,,,,,,,,,,,,,,,,,,,,,,,,,,,,,,,,,,,,,,,,,,,,,,,,,,,,,,,,,,,,,,,,,,,,,,,,,,,,,,,,,,,,,,,,,,,,,,,,,,,,,,,,,,,
,,,,,,,,,,,,,,,,,,,,,,,,,,,,,,,,,,,,,,,,,,,,,,,,,,,,,,,,,,,,,,,,,,,,,,,,,,,,,,,,,,,,,,,,,,,,,,,,,L^G ἀμάρακος > a.ma.ra.kos,a.mar.kos,,,,,,,,,,,,,,,,,a.mar.koz,,a.mar.kor,,,,,,,,,,,,,,,,,,,,,,,,,,,,,,,,,,,,,,,,a.mar.kor,marjoram,,,,,,,,,,,,,,,,,,,,,,,,,,,,,,,,,,,,,,,,,,,,,,,,,,,,,,,,,,,,,,,,,,,,,,,a.mar.kor,marjoram,,,,,,,,,,,,,,,,,,,,,,,,,,,,,,,,,,,,,,,,,,,,,,,,,,,,,,,a.mar.kor,marjoram,,,,,,,,,,,a.mar.ko˞,,,,,,,,,,,,,,,,,,,,,,a.mar.ko,a.mar.ko,marjoram,,,,,,a.mor.ko,,,,,,,,,,,,,,,,,,,,,,,,,,,a.mor.ka,,a.mor.ka,marjoram,,,,,,,,,,,,,,,,,,,,,,,,,,,,,,,,,,,,,,,,,a.mor.ka[a.mor.kɐ],,,a.mor.ka[a.mor.kɐ],marjoram,,,,,a.mork,,,,,,,,,,,,a.mork,,,,,,,,,,,,,,,,,,,,,,,,,,a.mork,marjoram,,,,,,,,,,,,,,,,,,,,,,,,,,,,,,,,,,,,,,,,,,,,,,,,,,,,,,ɛ.mork,,,,,,,,,,ɛ.mork,marjoram
,h₂é.yos,h₂i.twós,,,,,,,,,,,,,,,,,,,,,,,,,,,,,,,,,,,,,,,,,,,i.twós,,,,,,,,,,,,,,,,,,,,,,,,,,,,,,,,,,,,,,,,,,,,,,,,i.dwós,I.dwos,pagan god of trade,,,,,,,,,,,,,,,,,,,,I.dwoz,,I.dwor,,,,,,,,,,,,,,,,,,I.dʷor,,,,,,,,,,,,,,,,I.dwor,,,,,,I.dwor,pagan god of trade,,,,,,,,,,,,,,,,,,,,,,,,,,,,,I.bor[I.βor],,,,,,,,,,,,,,,,,,,,,,,,,,,,,,,,,,,,,,,,,,I.bor[I.βor],pagan god of trade,,,,,,,,,,,,,,,,,,,,,,,,,I.wor,,,,,,,,,,,,,,,,,,,,,,,,,,,,,,I.wor,pagan god of trade,,,,,,,,,,,I.wo˞,,,,,,,,,,,E.wo˞,,,,,,,,,,,E.wo,E.wo,pagan god of trade,,,,,,,,,,,,,,,,,,,,,,,,,,,,,,,,E.vo,E.va,,E.va,pagan god of trade,,,E.vʲa,,,,,,,,,,,,,,,,,,,,,,,E.ja,,,,,,,,,,,,,,,E.ja[E.jɐ],,,E.ja[E.jɐ],pagan god of trade,,,,,Ej,,,,,,,,,,,,Ej,,,,,,,,,,,,,,,,,,,,,,,,,,ei̯,pagan god of trade,,,,,,,,,,,,,,,,,,,,,,,,,,,,,,,,,,,,ei̯,,,,,,,,,i,,,,,,ei̯,,,,,,,,,,,,,ei̯,pagan god of trade
,ló.kus,l̥.kwós[them-obl],,,,,,l̥.kʷós,,,,,,,,,,,,,,,,,,,,,,,,,,,,əl.kʷós,,,,il.kʷós,,,,,,,,,,,,,,,,,il.fós,,,,,,,,,,,,,,,,,,,,,,,,,,,,,,,,,,,,il.vós,il.vos,pool§pond,,,,,,,,,,,,,,,,,,,,il.voz,,il.vor,,,,,,,,,,,,,,,,,,,,,,,,,,,,,,,,,,,,,,,,il.vor,pool§pond,,,,,,,,,,,,,,,,,,,,,,,,,,,,,,,,,,,,,,,,,,,,,,,,,,,,,,,,,,,,,,,,,,,,,,,il.vor,pool§pond,,,,,,,,,,,,,,,,,,,,,,,,,,,,,,,,,,,,,,,,,,,,,,,,,,,,,,,il.vor,pool§pond,,,,,,,,,,,il.vo˞,,,,,,,,,,,,,,,,,,,,,,il.vo,il.vo,pool§pond,,,,el.vo,,,,,,,,,,,,,,,,,,,,e.vlo,,,,,,,,,e.vla,,e.vla,pool§pond,,,,,,,,,,,,,,,,,,,,,,,,,,,,el.la,,,,,,,,,,,,,el.la[el.lɐ],,,el.la[el.lɐ],pool§pond,,,,,ell,,,,,,,,,,,,ell,elk~ell,elk~ekl,,,,,,,,,,,,,,,,,,,,,,,,elk,pool§pond,,,,,,,,,,,,,,,,,,,,,,,,,,,,,,,,,,,,ie̯lk,,,,,,,,,,,,,,,,,,,,,,,,,,,,ie̯lk,pool§pond
weǵʰ-,wéǵʰ.nos,,,,wégʰ.nos,,,,,,,,,,,,,,,,,,,,,,,,,,,,,,,,,,,,,,,,,,,,,,,,,,,wék.nos,,,,,,,,,,,,,,,ḗk.nos,,,,,,,,,,,,,,,,,,,,,,,ēk.nos,cart§wagon,,,,,,,,,,,,,,,,,,,,ēk.noz,,ēk.nor,,,,,,,,,,,,,,,,,,,,,,,,,,,,,,,,,,,,,,,,ēk.nor,cart§wagon,,,,,,,,,,,,,,,,,,,,ēn.kor[ēŋ.kor],,,,,,,,,,,,,,,,,,,,,,,,,,,,,,,,,,,,,,,,,,,,,,,,,,,ēn.kor[ēŋ.kor],cart§wagon,,,,,,,,jen.kor[jeŋ.kor],,,,,,,,,,,,,,,,,,,,,,,,,,,,,,,,,,,,,,,,,,,,,,,jen.kor[jeŋ.kor],cart§wagon,,,,,,,,,,,jen.ko˞[jeŋ.ko˞],,,,,,,,,,,,,jan.ko˞[jaŋ.ko˞],,,,,,,,,jan.ko[jaŋ.ko],jan.ko[jaŋ.ko],cart§wagon,,,,,,,,,,,,,,,,,,,,,,,,,,,,,,,,,jan.ka[jaŋ.ka],,jan.ka[jaŋ.ka],cart§wagon,,,,,,,,en.ka[eŋ.ka],,,,,,,,,,,,,,,,,,,,,,,,,,,,,,,,,en.ka[eŋ.kɐ],,,en.ka[eŋ.kɐ],cart§wagon,,,,,enk[eŋk],,,,,,,,,,,,enk[eŋk],,,,,,,,,,,,,,,,,,,,,,,,,,enk[eŋk],cart§wagon,,,,,,,,,,,,,,,,,,,,,,,,,,,,,,,,,,,,ie̯nk[ie̯ŋk],,,,,,,,,,,,,,,,,,,,,,,,,,,,ie̯nk[ie̯ŋk],cart§wagon
h₂ent-,h₂en.tí.os,,,,,,,,,,,,,,,,,,,,,an.tí.os,,,,,,,,,,,,,,,,,,,,,,,,,,,,,,,,,,,,,,,,,,,,,,,,,,,,,,,,,,an.sós,,,,,,,,,,,,,an.zós,an.zos,front,,,,,,,,,,,,,,,,,,,,an.zoz,,an.ror,,,,,,,,an.dror,,,,,,,,,,,,,,,,,,,,,,,,,,,,,,,,an.dror,front,,,,,,,,,,,,,,,,,,,,,,,,,,,,,,,,,,,,,,,,,,,,,,,,,,,,,,,,,,,,,,,,,,,,,,,an.dror,front,,,,,,,,,,,,,,,,,,,,,,,,,,,,,,,,,,,,,,,,,,,,,,,,,,,,,,,an.dror,front,,,,,,,,,,,an.dro˞,,,,,,,,,,,,,,,,,,,,,,an.dro,an.dro,front,,,,,,,,,,,,,,,,,,,,,,,,,,,,,,,,,an.dra,,an.dra,front,,,,,,,,,,,,,,,,,,,,,,,,,,,,,,,,,,,,,,,,,an.dra[an.drɐ],,,an.dra[an.drɐ],front,,,,,andr,,,an.dr̩,,,,,,,,,an.dr̩,,,,,,,,,,,,,,,,,,,an.dr̩[an.dər],,,,,,,an.dr̩[an.dər],front,,,,,,,,,,,,,,,,,,,,,,,,,,,,,,,,,,,,,,,,,,,,,,,,,,,,,,ɛn.dr̩[ɛn.dər],,,,,,,,,,ɛn.dr̩[ɛn.dər],front
ped-,pṓds,pe.pṓ.dos[them-redup],,,,,,,,,,,,,,,,,,,,,,,,,,,,,,,,,,,,,,,,,,,,,,,,,,,,,,,,,,,,,,,,,,,,,,,,,,,,,,,,,,,,,,,,,,,pe.bṓ.dos,pe.bō.dos,leg,,,pe.bo.dos,,,,,,,,,,,,,,pi.bo.dos,,,pi.bo.doz,,pi.bo.dor,,,,,pi.bo.dor[pi.bo.ðor],,,,,,,,,,,,,,,,,,,,,,,,,,,,,,,,,,,pi.bo.dor[pi.bo.ðor],leg,,,,,,,pi.bo.dor[pi.βo.ðor],,,,,,,,,,,,,,,,,,,,,,,,,,,,,,,,,,,,,,,,,,,,,,,,,,,,,,,,,,,,,,,,pi.bo.dor[pi.βo.ðor],leg,,,,,,,,,,,,,,,,,,,,,,,,,pi.wo.dor[pi.wo.ðor],,,,,,,,,,,,,,,,,,,,,,,,,,,,,,pi.wo.dor[pi.wo.ðor],leg,,,,,,,,,,,pi.wo.do˞[pi.wo.ðo˞],fi.wo.do˞[fi.wo.ðo˞],,,,,,,,,,fe.wo.do˞[fe.wo.ðo˞],,,,,,,,,,,fe.wo.do[fe.wo.ðo],fe.wo.do[fe.wo.ðo],leg,,,,,,,,,,,,,,,,,,,,,,,,,,,,,,,,fe.vo.do[fe.vo.ðo],fe.vo.da[fe.vo.ða],,fe.vo.da[fe.vo.ða],leg,,,fe.vʲo.da[fe.vʲo.ða],,,,,,,,,,,,,,fe.vʲo.za,,,,,,,,,fe.jo.za,,,,,,,,,,,,,,,fe.jo.za[fe.jo.zɐ],,,fe.jo.za[fe.jo.zɐ],leg,,,,,fe.joz,,,,,,,,,,,,fe.joz,,,,,,,,,,,,,,,,,,,,,,,,,,fe.joz,leg,,,,,,,,,,,,,,,,,,,,,,,,,,,,,,,,,,,,fie̯.joz,,,,,,,,,,,,,fie̯.joz,,,,,,fie̯.joz,,,,,,,,,fie̯.joz,leg
,(s)kʷá.los,kʷá.los,,,,,,,,,,,,,,,,,,,,,,,,,,,,,,,,,,,,,,,,,,,,,,,,,,,,,,,fá.los,,,,,,,,,,,,,,,,,,,,,,,,,,,,,,,,,,,,,fa.los,shark,,,,,,,,,,,,,,,,,,,,fa.loz,,fa.lor,,,,,,,,,,,,,,,,,,,,,,,,,,,,,,,,,,,,,,,,fa.lor,shark,,,,,,,,,,,,,,,,,,,,,,,,,,,,,,,,,,,,,,,,,,,,,,,,,,,,,,,,,,,,,,,,,,,,,,,fa.lor,shark,,,,,,,,,,,,,,,,,,,,,,,,,,,,,,,,,,,,,,,,,,,,,,,,,,,,,,,fa.lor,shark,,,,,,,,,,,fa.lo˞,,,,,,,,,,,,,,,,,,,,,,fa.lo,fa.lo,shark,,,,,,fo.lo,,,,,,,,,,,,,,,,,,,,,,,,,,,fo.la,,fo.la,shark,,,,,,,,,,,,,,,,,,,,,,,,,,,,,,,,,,,,,,,,,fo.la[fo.lɐ],,,fo.la[fo.lɐ],shark,,,,,fol,,,,,,,,,,,,fol,,,,,,,,,,,,,,,,,,,,,,,,,,fol,shark,,,fou̯,,,,,,,,,,,,,,,,,,,,,,,,,,,,,,,,,,,,,,,,,,,,fu,,,,,,,,,,,,,,,,,fu,shark
polH-,pól.His.kos,póH.lis.kos[meta],,,,,,,,,,,,,,,,,,,,,,,,,,,pū́.lis.kos,,,,,,,,,,,,,,,,,,,,,,,,,,,,,,,,,,,,,,,,,,,,,,,,,,,,,,,,,,,,,,,,,pū.lis.kos,rabbit,,,,,,,,,,,,,,,,,,,,pū.lis.koz,,pū.lis.kor,,,,,,,,,,,,,,,,,,,,,,,,,,,,,,,,,,,,,,,,pū.lis.kor,rabbit,,,,,,,,,,,,,,,,,,,,,,,,,,,pȳ.lis.kor,,,,,,,,,,,,,,,,,,,,,,,,,,,,,,,,,,,,,,,,,,,,pȳ.lis.kor,rabbit,,,,,,,,,,,,,,,,,,,,,,,,,,,,,,,,,,,,,pyi̯.lis.kor,,,,,,,,,,pyi̯.lis.kor[pyi̯.liʃ.kor],,,,pui̯.lis.kor[pui̯.liʃ.kor],,,,pui̯.lis.kor[pui̯.liʃ.kor],rabbit,,,,,,,,,,,pui̯.lis.ko˞[pui̯.liʃ.ko˞],,fui̯.lis.ko˞[fui̯.liʃ.ko˞],,,,fui̯.ʎis.ko˞[fui̯.ʎiʃ.ko˞],,,fu.ʎis.ko˞[fuʎ.iʃ.ko˞],,,,,,,,,,,,,fu.ʎis.ko[fu.ʎiʃ.ko],fu.ʎis.ko[fu.ʎiʃ.ko],rabbit,,,,,,,,fo.ʎis.ko[fo.ʎiʃ.ko],,,,,,,,,,,,,,,,,,,,,,,,,fo.ʎis.ka[fo.ʎiʃ.ka],,fo.ʎis.ka[fo.ʎiʃ.ka],rabbit,,,,,,,,,,,,,,,,,,,,,,,,,,,,,,,,,fo.ʎiʃ.ka,,,,fo.ʎi.ʃa,,,,fo.ʎi.ʃa[fo.ʎi.ʃɐ],,,fo.ʎi.ʃa[fo.ʎi.ʃɐ],rabbit,,,,,fo.ʎiʃ,,,,,,,,,,,,fo.ʎiʃ,,,,,,,,,,,,,,,,,,,,,,,,,,fo.ʎiʃ,rabbit,,,,,,,,,,,,,,,,,,,,,,,,,,,,,fo.ʎɨʃ,,,,,,,,fue̯.ʎɨʃ,,,,,,,,,,,,,,,,,,,,,,,,,,,fue̯.ʎɨʃ,rabbit
,pór.ḱos,,pór.kos,,,,,,,,,,,,,,,,,,,,,,,,,,,,,,,,,,,,,,,,,,,,,,,,,,,,,,,,,,,,,,,,,,,,,,,,,,,,,,,,,,,,,,,,,,,por.kos,pig,,,,,,,,,,,,,,,,,,pur.kos,,pur.koz,,pur.kor,,,,,,,,,,,,,,,,,,,,,,,,,,,,,,,,,,,,,,,,pur.kor,pig,,,,,,,,,,,,,,,,,,,,,,,,,,,,,,,,,,,,,,,,,,,,,,,,,,,,,,,,,,,,,,,,,,,,,,,pur.kor,pig,,,,,pyr.kor,,,,,,,,,,,,,,,,,,,,,,,,,,,,,,,,,,,,,,,,,,,,,,,,,,pyr.kor,pig,,,,,,,,,,,pyr.ko˞,,,fyr.ko˞,,,,,,,,,,,,,,,,,,,fyr.ko,fyr.ko,pig,,,,,før.ko,,,,,,,,,,,,,,,,,,,,,,,,,,,,før.ka,,før.ka,pig,,,,,,,,,,,,,,,,,,,,,,,,,,,,,,,,,,,,,,,,,før.ka[før.kɐ],,,før.ka[før.kɐ],pig,,,,,førk,,,,,,,,,,,,førk,,,,,,,,,,,,,,,,,,,,,,,,,,førk,pig,,,,,førk[fʉrk],,,,,,,,,,,,,,,,,,,,,,,førk[fɨrk],,,fyrk[fɨrk],,,,,,,,,,,,,,,,,,,,,,,,,,,,,,,,,fyrk[fɨrk],pig
,bʰudʰ.mḗn,bʰudʰ.nós[them-obl],,,,,,,,,,,,,,,,,,,,,,,,,,,,,,,,,,,,,,,,,,,,,,,,,,,,pudʰ.nós,put.nós,,,,,,,,,,,,,,,,,,,,,,,,,,,,,,,,,,,,,,,put.nos,bottom,,,,,,,,,,,,,,,,,,,,put.noz,,put.nor,,,,,,,,,,,,,,,,,,,,,,,,,,,,,,,,,,,,,,,,put.nor,bottom,,,,,,,,,,,,,,,,,,,pun.tor,,,,,,,,,,,,,,,,,,,,,,,,,,,,,,,,,,,,,,,,,,,,,,,,,,,,pun.tor,bottom,,,,,pyn.tor,,,,,,,,,,,,,,,,,,,,,,,,,,,,,,,,,,,,,,,,,,,,,,,,,,pyn.tor,bottom,,,,,,,,,,,pyn.to˞,,,fyn.to˞,,,,,,,,,,,,,,,,,,,fyn.to,fyn.to,bottom,,,,,,,,,,,,,,,,,,,,,,,,,,,,,,,,,fyn.ta,,fyn.ta,bottom,,,,,,,,,,,,,,,,,,,,,,,,,,,,,,,,,,,,,,,,,fyn.ta[fyn.tɐ],,,fyn.ta[fyn.tɐ],bottom,,,,,fynt,,,,,,,,,,,,fynt,,,,,,,,,,,,,,,,,,,,,,,,,,fynt,bottom,,,,,,,,,,,,,,,,,,,,,,,,,,,,,,fint,,,,,,,,,,,,,,,,,,,,,fei̯nt,,,,,,,,,,,fei̯n,,fei̯n,bottom
,sá.mh₂.dʰos,,,,,,,,,,,,,,,,,,,,,,,,,,,,,,,,,,,,,,,,,,sá.ma.dʰos,,,,,,,,,,,,sá.ma.tos,,,,,,,,,,,,,,,,,,,há.ma.tos,,,,,,,,,,,,,,,,,,,,ha.ma.tos,sand,,,ham.tos,,,,han.tos,,,,,,,,,,,,,han.toz,,han.tor,,,,,,,,,,,,,,,,,,,,,,,,,,,,,,,,,,,,,xan.tor,,,xan.tor,sand,,,,,,,,,,,,,,,,xan.dor,,,,,,,,han.dor,,,,,,,,,,,,,,,,,,,,,,,,,,,,,,,,,,,,,,,,,,,,,,,han.dor,sand,,,,,,,,,,,,,,,,,,,,,,,,,,,,,,,,,,,,,,,,,,,,,,,,,,,,,,,han.dor,sand,,,,,,,,,,,han.do˞,,,,,,,,,,,,,,,,,,,,,,han.do,han.do,sand,,,,,,,,,,,,,,,,,,,,,,,,,,,,,,,,,han.da,,han.da,sand,,,,,,,,,,,,,,,,,,,,,,,,,,,,,,,,,,,,,,,,,han.da[han.dɐ],,,han.da[han.dɐ],sand,,,,,hand,,,,,,,,,,,,hand,,,,,,,,,,,,,,,,,,,,,,,,,,hand,sand,,,,,,,,,,,,,,,,,,,,,,,,,,,,,,,,,,,,,,,,,,,,,,,,,,çand,,,,çɛnd,,,,,,,,çɛn,,çɛn,sand
,,,,,,,,,,,,,,,,,,,,,,,,,,,,,,,,,,,,,,,,,,,,,,,,,,,,,,,,,,,,,,,,,,,,,,,,,,,,,,,,,,,,,,,,,,,,,,,,,L^G ὕαλος > hu.wa.los,,,hu.va.los,,,,,,,,,,,,,,,hu.va.loz,,hu.va.lor,,,,,,,,,,,,,,,,,,,,,,,,,,,,,,,,,,,,,xu.va.lor,,,xu.va.lor,glass,,,,,,,,,,,,,,,,,,,,,,,,hu.va.lor,,,,,,,,,,,,,,,,,,,,,,,,,,ho.va.lor,,,,,,,,,,,,,,,,,,,,,ho.va.lor,glass,,,,,,,,,,,,,,,,,,,,,,,,,,,,,,,,,,,,,,,,,,,,,,,,,,,,,,,ho.va.lor,glass,,,,,,,,,,,ho.va.lo˞,,,,,,,,,,,,,,,,,,,,,,ho.va.lo,ho.va.lo,glass,,,,,,ho.vo.lo,,,,,,,,,,,,,,,,,,,,,,,,,,,ho.vo.la,,ho.vo.la,glass,,,ho.vʲo.la,,,,,,,,,,,,,,,,,,,,,,,ho.jo.la,,,,,,,,,,,,,,,ho.jo.la[ho.jo.lɐ],,,ho.jo.la[ho.jo.lɐ],glass,,,,,ho.jol,,,,,,,,,,,,ho.jol,,,,,,,,,,,,,,,,,,,,,,,,,,ho.jol,glass,,,ho.jou̯,,,,,,,,,,,,,,,,,,,,,,,,,,,,,,,,,,hue̯.jou̯,,,,,,,,,,hue̯.ju,,,çue̯.ju,,,,,,,,,,,,,,çue̯.ju,glass
ǵʰer-,ǵʰor.tós,,,,gʰor.tós,,,,,,,,,,,,,,,,,,,,,,,,,,,,,,,,,,,,,,,,,,,,,,,,hor.tós,,,,,,,,,,,,,,,,,,,,,,,,,,,,,,,,,,,,,,,,,hor.dos,garden,,,,,,,,,,,,,,,,,,hur.dos,,hur.doz,,hur.dor,,,,,,,,,,,,,,,,,,,,,,,,,,,,,,,,,,,,,xur.dor,,,xur.dor,garden,,,,,,,,,,,,,,,,,,,,,,,,hur.dor,,,,,,,,,,,,,,,,,,,,,,,,,,,,,,,,,,,,,,,,,,,,,,,hur.dor,garden,,,,,hyr.dor,,,,,,,,,,,,,,,,,,,,,,,,,,,,,,,,,,,,,,,,,,,,,,,,,,hyr.dor,garden,,,,,,,,,,,hyr.do˞,,,,,,,,,,,,,,,,,,,,,,hyr.do,hyr.do,garden,,,,,hør.do,,,,,,,,,,,,,,,,,,,,,,,,,,,,hør.da,,hør.da,garden,,,,,,,,,,,,,,,,,,,,,,,,,,,,,,,,,,,,,,,,,hør.da[hør.dɐ],,,hør.da[hør.dɐ],garden,,,,,hørd,,,,,,,,,,,,hørd,,,,,,,,,,,,,,,,,,,,,,,,,,hørd,garden,,,,,hørd[hʉrd],,,,,,,,,,,,,,,,,,,,,,,hørd[hɨrd],,,hyrd[hɨrd],,,,,,,,,,,,,,,,,,,çyrd[çɨrd],,,,,,,,,,,,,,çyrd[çɨrd],garden
ǵʰew-,ǵʰu.tós,,,,gʰu.tós,,,,,,,,,,,,,,,,,,,,,,,,,,,,,,,,,,,,,,,,,,,,,,,,hu.tós,,,,,,,,,,,,,,,,,,,,,,,,,,,,,,,,,,,,,,,,,hu.dos,liquid,,,,,,,,,,,,,,,,,,,,hu.doz,,hu.dor,,,,,hu.dor[hu.ðor],,,,,,,,,,,,,,,,,,,,,,,,,,,,,,,,xu.dor[xu.ðor],,,xu.dor[xu.ðor],liquid,,,,,,,,,,,,,,,,,,,,,,,,hu.dor[hu.ðor],,,,,,,,,,,,,,,,,,,,,,,,,,,,,,,,,,,,,,,,,,,,,,,hu.dor[hu.ðor],liquid,,,,,hy.dor[hy.ðor],,,,,,,,,,,,,,,,,,,,,,,,,,,,,,,,,,,,,,,,,,,,,,,,,,hy.dor[hy.ðor],liquid,,,,,,,,,,,hy.do˞[hy.ðo˞],,,,,,,,,,,,,,,,,,,,,,hy.do[hy.ðo],hy.do[hy.ðo],liquid,,,,,,,,,,,,,,,,,,,,,,,,,,,,,,,,,hy.da[hy.ða],,hy.da[hy.ða],liquid,,,,,,,,,,,,,,,,,hy.za,,,,,,,,,,,,,,,,,,,,,,,,hy.za[hy.zɐ],,,hy.za[hy.zɐ],liquid,,,,,hyz,,,,,,,,,,,,hyz,,,,,,,,,,,,,,,,,,,,,,,,,,hyz,liquid,,,,,,,,,,,,,,,,,,,,,,,,,,,,,,hiz,,,,,,,,,,,,,,,,,,,,çiz,çei̯z,,,,,,,,,,,,,çei̯z,liquid
,h₁é.ḱwos,,h₁é.kwos,,,,,h₁é.kʷos,,,,,,,,,,,,,é.kʷos,,,,,,,,,,,,,,,,,,,,,,,,,,,,,,,,,,,,é.fos,,,,,,,,,,,,,,,,,,,,,,,,,,,,,,,,,,,,,e.fos,horse,,,,,,,,,,,,,,,,,i.fos,,,i.foz,,i.for,,,,,,,,,,,,,,,,,,,,,,,,,,,,,,,,,,,,,,,,i.for,horse,,,,,,,,,,,,,,,,,,,,,,,,,,,,,,,,,,,,,,,,,,,,,,,,,,,,,,,,,,,,,,,,,,,,,,,i.for,horse,,,,,,,,,,,,,,,,,,,,,,,,,,,,,,,,,,,,,,,,,,,,,,,,,,,,,,,i.for,horse,,,,,,,,,,,i.fo˞,,,,,,,,,,,,,,,,,,,,,,i.fo,i.fo,horse,,,,,,,,,,,,,,,,,,,,,,,,,,,,,,,,,i.fa,,i.fa,horse,,,,,,,,,,,,,,,,,,,,,,,,,,,,,,,,,,,,,,,,,i.fa[i.fɐ],,,i.fa[i.fɐ],horse,,,,,if,,,,,,,,,,,,if,,,,,,,,,,,,,,,,,,,,,,,,,,if,horse,,,,,,,,,,,,,,,,,,,,,,,,,,,,,ɨf,,,,,,,,,,,,,,,,,,,,,,,,,,,,,,,,,,,ɨf,horse
,h₁e.nih₃.kʷós,,,,,,,,,,,,,,,,,,,,e.nih₃.kʷós,,,,,,,,,,,,,,,,,,,,e.nī.kʷós,,,,,,,,,,,,,,,,e.nī.fós,,,,,,,,,,,,,,,,,,,,,,,,,,,,,,,,,,,,e.nī.vós,e.nī.vos,face,,,e.ni.vos,,,,,,,,,,,,,,i.ni.vos,,,i.ni.voz,,i.ni.vor,,,,,,,,,,,,,,,,,,,,,,,,,,,,,,,,,,,,,,,,i.ni.vor,face,,,,,,,,,,,,,,,,,,,,,,,,,,,,,,,,,,,,,,,,,,,,,,,,,,,,,,,,,,,,,,,,,,,,,,,i.ni.vor,face,,,,,,,,,,,,,,,,,,,,,,,,,,,,,,,,,,,,,,,,,,,,,,,,,,,,,,,i.ni.vor,face,,,,,,,,,,,i.ni.vo˞,,,,i.ɲi.vo˞,,,,,,,,,,,,,,,,,,i.ɲi.vo,i.ɲi.vo,face,,,,,,,,,,,,,,,,,,,,,,,,,,,,,,,,,i.ɲi.va,,i.ɲi.va,face,,,,,,,,,,,,,,,,,,,,,,,,,,,,,,,,,,,,,,,,,i.ɲi.va[i.ɲi.vɐ],,,i.ɲi.va[i.ɲi.vɐ],face,,,,,i.ɲiv,,,,,,,,,,,,i.ɲiv,,,,,,,,,,,,,,,,,,,,,,,,,,i.ɲiv,face,,,,,,,,,,,,,,,,,,,,,,,,,,,,,ɨ.ɲɨv,,,,,,,,,,,,,,,,,,,,,,,,,,,,,,,,,,,ɨ.ɲɨv,face
h₁eyH-,h₁i.Hń̥.tlos,Hi.h₁ń̥.tlos[meta],,,,,,,,,,,,,,,,,,,,,,,,,,,,,,,Hi.én.tlos,,,,,,,,,,,,i.én.tlos,,,,,,,,,,,,,,,,,,,,,,,,,,,,,,,,,,,,,,,,,,jén.tlos,,,,,,,jen.tlos,icicle,,,,,,,,,,,,,,,,,jin.tlos,,,jin.tloz,,jin.tlor,,,,,,,,,,,,,,,,,,,,,,,,,,,,,,,,,,,,,,,,jin.tlor,icicle,,,,,,,,,,,,,,,,,,,,,,,,,,,,,,,,,,,,,,,,,,,,,,,,,,,,,,,,,,,,,,,,,,,,,,,jin.tlor,icicle,,,,,,,,,,,,,,,,,,,,,,,,,,,,,,,,,,,,,,,,,,,,,,,,,,,,,,,jin.tlor,icicle,,,,,,,,,,,jin.tlo˞,,,,,,,,,,,,,,,,,,,,,,jin.tlo,jin.tlo,icicle,,,,,,,,,,,,,,,,,,,,,,,,,,,,,,,,,jin.tla,,jin.tla,icicle,,,,,jen.tla,,in.tla,,,,,,,,,,,,,,,,,,,,,,,,,,,,,,,,,,in.tla[in.tlɐ],,,in.tla[in.tlɐ],icicle,,,,,intl,,,in.tl̩,,,,,,,,,in.tl̩,,,,,,,,,,,,,,,,,,,in.tl̩[in.təl],,,,,,,in.tl̩[in.təl],icicle,,,,,,,,,,,,,,,,,,,,,,,,,,,,,ɨn.tl̩[ɨn.təl],,,,,,,,,,,,,,,,,,,,,,,,,,,,,,,,,,,ɨn.tl̩[ɨn.təl],icicle
,swé.ḱu.ros,,swé.ku.ros,,,,,,,,,,,,,,,,,,,,,,,,,,,,,,,,,,,,,,,,,,,,,,,,,,,,,,,,,,,,,,,,,,,,sḗ.ku.ros,,,hḗ.ku.ros,,,,,,,,,,,,,,,,,,,,hē.ku.ros,father-in-law,,,,,,,,,,,,,,,,,,,,hē.ku.roz,,hē.ku.ror,,,,,,,,,,,,,,,,,,,,,,,,,,,,,,,,,,,,,xē.ku.ror,,,xē.ku.ror,father-in-law,,,,,,,,,,,,,,,,,,,,,,,,hē.ku.ror,,,,,,,,,,,,,,,,,,,,,,,,,,,hē.kror,,,,,,,,,,,,,,,,,,,,hē.kror,father-in-law,,,,,,,,,,,,,,,,hje.kror[xje.kror],,,,,,,,,,,,,,,,,,,,,,,,,,,,,,,,,,,,,,,hje.kror[xje.kror],father-in-law,,,,,,,hjer.kor[xjer.kor],,,,hjer.ko˞[xjer.ko˞],,,,,,,,,,,,,,,,,,,,,,hjer.ko[xjer.ko],hjer.ko[xjer.ko],father-in-law,,,,,,,hjar.ko[xjar.ko],,,,,,,,,,,,,,,,,,,,,,,,,,hjar.ka[xjar.ka],,hjar.ka[xjar.ka],father-in-law,,,,,,,,,,,,,jer.ka,,,,,,,,,,,,,,,,,,,,,,,,,,,,jer.ka[jer.kɐ],,,jer.ka[jer.kɐ],father-in-law,,,,,jerk,,,,,,,,,,,,jerk,,,,,,,,,,,,,,,,,,,,,,,,,,jerk,father-in-law,,,,,,,,,,,,,,,,,,,,,,,,,,,,,,,,,,,,jie̯rk,,,,,,,,,,,,,,,,,,,,,,,,,,,,jie̯rk,father-in-law
swep-,swép.nos,,,,,,,,,,,,,,,,,,,,,,,,,,,,,,,,,,,,,,,,,,,,,,,,,,,,,,,,,,,,,,,,,,,,,,sḗp.nos,,,hḗp.nos,,,,,,,,,,,,,,,,,,,,hēp.nos,sleep§slumber,,,,,,,,,,,,,,,,,,,,hēp.noz,,hēp.nor,,,,,,,,,,,,,,,,,,,,,,,,,,,,,,,,,,,,,xēp.nor,,,xēp.nor,sleep§slumber,,,,,,,,,,,,,,,,,,xēm.por,,,,,,hēm.por,,,,,,,,,,,,,,,,,,,,,,,,,,,,,,,,,,,,,,,,,,,,,,,hēm.por,sleep§slumber,,,,,,,,,,,,,,,,hjem.por[xjem.por],,,,,,,,,,,,,,,,,,,,,,,,,,,,,,,,,,,,,,,hjem.por[xjem.por],sleep§slumber,,,,,,,,,,,hjem.po˞[xjem.po˞],,,,,,,,,,,,,,,,,,,,,,hjem.po[xjem.po],hjem.po[xjem.po],sleep§slumber,,,,,,,,,,,,,,,,,,,,,,,,,,,,,,,,,hjem.pa[xjem.pa],,hjem.pa[xjem.pa],sleep§slumber,,,,,,,,,,,,jim.pa,,,,,,,,,,,,,,,,,,,,,,,,,,,,,jim.pa[jim.pɐ],,,jim.pa[jim.pɐ],sleep§slumber,,,,,jimp,,,,,,,,,,,,jimp,,,,,,,,,,,,,,,,,,,,,,,,,,jimp,sleep§slumber,,,,,,,,,,,,,,,,,,,,,,,,,,,,,jɨmp,,,,,,,,,,,,,,,,,,,,,,,,,,,,,,,,,,,jɨmp,sleep§slumber
dʰeyǵʰ-,dʰéy.ǵʰos,,,,dʰéj.gʰos,,,,,,,,,,,,,,,,,,,,,,,,,,,,,,,,,,,,,,,,,,,,,,,,,,téj.gʰos,téj.kos,,,,,,,,,,,,,,tḗ.kos,,,,,,,,,,,,,,,,,,,,,,,,tē.kos,dough,,,,,,,,,,,,,,,,,,,,tē.koz,,tē.kor,,,,,,,,,,,,,,,,,,,,,,,,,,,,,,,,,,,,,,,,tē.kor,dough,,,,,,,,,,,,,,,,,,,,,,,,,,,,,,,,,,,,,,,,,,,,,,,,,,,,,,,,,,,,,,,,,,,,,,,tē.kor,dough,,,,,,,,,,,,,,,,,,,,,,,,,,,,,,,,,,teu̯.kor,,,,,,,,,,,,,,,,,,,,,teu̯.kor,dough,,,,,,,,,,,teu̯.ko˞,,,,,,,,,,,,,,,,tau̯.ko˞,,,,,,tau̯.ko,tau̯.ko,dough,,,,,,,,,,,,,,,,,,,,,,,,,,,,,,,,,tau̯.ka,,tau̯.ka,dough,,,,,,,,,,,,,,,,,,,,,,,,,,,,,,,,,,,,,,,,,tau̯.ka[tau̯.kɐ],,,tau̯.ka[tau̯.kɐ],dough,,,,,tau̯k,,,,,,,,,,,,tau̯k,,,,,,,,,,,,,,tau̯k[tˢau̯k],,,,,,,,,,,,tau̯k[tˢau̯k],dough,,,,,,,,,,,,,,,,,,,,,,,,,,,,,,,,,,,,,,,,,,,,tɔk[tˢɔk],,,,,,,,,,,tak[tˢak],,,,,,,,,tak[tˢak],dough
ḱerh₂-,ḱr̥h₂.wós,,kr̥h₂.wós,,,,,,,,,,,,,,,,,,,,,,,,,,,,kra.wós,,,,,,,,,,,,,,,,,,,,,,,,,,,,,,,,,,krō.ós,,,,,,,,,,,,,,,,,,,,,,,,,krō.wós,,,,krō.wos,deer§stag,,,,,krō.vos,,,,,,,,,,,,,,,krō.voz,,krō.vor,,,,,,,,,,krū.vor,,,,,,,,,,,,,,,,,,,,,,,,,,,,,kūr.vor,kūr.vor,deer§stag,,,,,,,,,,,,,,,,,,,,,,,,,,,,,,,,,,,,,,,,,,,,,,,,,,,,,,,,,,,,,,,,,,,,,,,kūr.vor,deer§stag,,,,,,,,,,,,,,,,,,,,,,,,,,,,,,kur.vor,,,,,,,,,,,,,,,,,,,,,,,,,kur.vor,deer§stag,,,,,,,,gur.vor,,,gur.vo˞,,,,,,,,,,,,,,,,,,,,,,gur.vo,gur.vo,deer§stag,,,,,,,,gor.vo,,,,,,,,,,,,,,,,,,,,go.vro,,,,,go.vra,,go.vra,deer§stag,,,,,,,,,,,,,,,,,,,,,,,,,,,,,,,,,,,,,,,,,go.vra[go.vrɐ],,,go.vra[go.vrɐ],deer§stag,,,,,govr,,,go.vr̩,,go.pr̩,,,,,,,go.pr̩,,,,,,,,,,,,,,,,,go.pr̩[ko.pr̩],,go.pr̩[ko.pər],,,,,,,go.pr̩[ko.pər],deer§stag,,,,,,,,,,,,,,,,,,,,,,,,,,,,,,,,,,,,,gue̯.pr̩[kue̯.pər],,,,,,,,,,,,,,,,,,,,,,,,,,,gue̯.pr̩[kue̯.pər],deer§stag
,kr̥h₃.tós,,,,,,,,,,,,,,,,,,,,,,,,,,,,,,,kro.tós,,,,,,,,,,,,,,,,,,,,,,,,,,,,,,,,,,,,,,,,,,,,,,,,,,,,,,,,,,,,,kro.dós,kro.dos,fireplace,,,,,,,,,,,,,,,,,,kru.dos,,kru.doz,,kru.dor,,,,,,,,,,,,,,,,,,,,,,,,,,,,,,,,,,,,,,,kur.dor,kur.dor,fireplace,,,,,,,,,,,,,,,,,,,,,,,,,,,,,,,,,,,,,,,,,,,,,,,,,,,,,,,,,,,,,,,,,,,,,,,kur.dor,fireplace,,,,,kyr.dor,,,,,,,,,,,,,,,,,,,,,,,,,,,,,,,,,,,,,,,,,,,,,,,,,,kyr.dor,fireplace,,,,,,,,gyr.dor,,,gyr.do˞,,,,,,,,,,,,,,,,,,,,,,gyr.do,gyr.do,fireplace,,,,,gør.do,,,,,,,,,,,,,,,,,,,,,,,,,,,,gør.da,,gør.da,fireplace,,,,,,,,,,,,,,,,,,,,,,,,,,,,,,,,,,,,,,,,,gør.da[gør.dɐ],,,gør.da[gør.dɐ],fireplace,,,,,gørd,,,,,,,,,,,,gørd,,,,,,,,,,,,,,,,,gørd[kørd],,,,,,,,,gørd[kørd],fireplace,,,,,gørd[kʉrd],,,,,,,,,,,,,,,,,,,,,,,gørd[kɨrd],,,gyrd[kɨrd],,,,,,,,,,,,,,,,,,,,,,,,,,,,,,,,,gyrd[kɨrd],fireplace
,,,,,,,,,,,,,,,,,,,,,,,,,,,,,,,,,,,,,,,,,,,,,,,,,,,,,,,,,,,,,,,,,,,,,,,,,,,,,,,,,,,,,,,,,,,,,,,,,L^G κυπάρισσος > ku.pa.ris.sos,,,,,,,,,,,,,,,,,,ku.pa.ris.soz,,ku.pa.ris.sor,,,,,,,,,,,,,,,,,,,,,,,,,,,,,,,,,,,,,,,,ku.pa.ris.sor,cypress,,,,,,,,,,,,,,,,,,,,,,,,,,,ku.pæ.ris.sor,,,,,,,,,,,,,,,,,,,,,,,,ku.pris.sor,,,,,,,,,,,,,,,,,,,,ku.pris.sor,cypress,,,,,ky.pris.sor,,,,,,,,,,,,,,,,,,,,,,,,,,,,,,,,,,,,,,,,,,,,,,,,,,ky.pris.sor,cypress,,,,,kyr.pis.sor,,,,,,kyr.pis.so˞,kyr.fis.so˞,,,,,,,,,,,,,,,,,,,,,kyr.fis.so,kyr.fis.so,cypress,,,,,kør.fis.so,,,,,,,,,,,,,,,,,,,,,,kø.fris.so,,,,,,kø.fris.sa,,kø.fris.sa,cypress,,,,,,,,,,,,,,,,,,,,,,,,,,,,,,,,,,,,,,,,,kø.fris.sa[kø.fris.sɐ],,,kø.fris.sa[kø.fris.sɐ],cypress,,,,,kø.friss,,,,,,,kø.frits,,,,,kø.frits,,,,,,,,,,,,,,,,kø.frits[kˣø.frits],,,,,,,,,,kø.frits[kˣø.frits],cypress,,,,,,,,,,,,,,,,,,,,,,,,,,,,,kø.frɨts[kˣø.frɨts],,ky.frɨts[kˣy.frɨts],,,,,,,,,,,,,,,,,,,,,,,,,,,,,,,,,ky.frɨts[kˣy.frɨts],cypress
,ká.pros,,,,,,,,,,,,,,,,,,,,,,,,,,,,,,,,,,,,,,,,,,,,,,,,,,,,,,,,,,,,,,,,,,,,,,,,,,,,,,,,,,,,,,,,,,,,,ka.pros,goat,,,,,,,,,,,,,,,,,,,,ka.proz,,ka.pror,,,,,,,,,,,,,,,,,,,,,,,,,,,,,,,,,,,,,,,,ka.pror,goat,,,,,,,,,,,,,,,,,,,,,,,,,,,,,,,,,,,,,,,,,,,,,,,,,,,,,,,,,,,,,,,,,,,,,,,ka.pror,goat,,,,,,,,,,,,,,,,,,,,,,,,,,,,,,,,,,,,,,,,,,,,,,,,,,,,,,,ka.pror,goat,,,,,kar.por,,,,,,kar.po˞,,,,,,,,,,,,,,,,,,,,,,kar.po,kar.po,goat,,,,,,kor.po,,,,,,,,,,,,,,,,,,,,,,,,,,,kor.pa,,kor.pa,goat,,,,,,,,,,,,,,,,,,,,,,,,,,,,,,,,,,,,,,,,,kor.pa[kor.pɐ],,,kor.pa[kor.pɐ],goat,,,,,korp,,,,,,,,,,,,korp,,,,,,,,,,,,,,,,korp[kˣorp],,,,,,,,,,korp[kˣorp],goat,,,,,,,,,,,,,,,,,,,,,,,,,,,,,,,,,,,,,kue̯rp[kˣue̯rp],,,,,,,,,,,,,,,,,,,,,,,,,,,kue̯rp[kˣue̯rp],goat
,ḱwṓ,ḱú.nos[them-obl],kú.nos,,,,,,,,,,,,,,,,,,,,,,,,,,,,,,,,,,,,,,,,,,,,,,,,,,,,,,,,,,,,,,,,,,,,,,,,,,,,,,,,,,,,,,,,,,,ku.nos,dog,,,,,,,,,,,,,,,,,,,,ku.noz,,ku.nor,,,,,,,,,,,,,,,,,,,,,,,,,,,,,,,,,,,,,,,,ku.nor,dog,,,,,,,,,,,,,,,,,,,,,,,,,,,,,,,,,,,,,,,,,,,,,,,,,,,,,,,,,,,,,,,,,,,,,,,ku.nor,dog,,,,,ky.nor,,,,,,,,,,,,,,,,,,,,,,,,,,,,,,,,,,,,,,,,,,,,,,,,,,ky.nor,dog,,,,,,,,,,,ky.no˞,,,,,,,,,,,,,,,,,,,,,,ky.no,ky.no,dog,,,,,,,,,,,,,,,,,,,,,,,,,,,,,,,,,ky.na,,ky.na,dog,,,,,,,,,,,,,,,,,,,,,,,,,,,,,,,,,,,,,,,,,ky.na[ky.nɐ],,,ky.na[ky.nɐ],dog,,,,,kyn,,,,,,,,,,,,kyn,,,,,,,,,,,,,,,,kyn[kˣyn],,,,,,,,,,kyn[kˣyn],dog,,,,,,,,,,,,,,,,,,,,,,,,,,,,,,kin[kˣin],,,,,,,,,,,,,,,,,,,,,kei̯n[kˣei̯n],,,,,,,,,,,,,kei̯n[kˣei̯n],dog
lewk-,lów.kos,,,,,,,,,,,,,,,,,,,,,,,,,,,,,,,,,,,,,,,,,,,,,,,,,,,,,,,,,,,,,,,,,lū́.kos,,,,,,,,,,,,,,,,,,,,,,,,,,,,lū.kos,grove§clearing,,,,,,,,,,,,,,,,,,,,lū.koz,,lū.kor,,,,,,,,,,,,,,,,,,,,,,,,,,,,,,,,,,,,,,,,lū.kor,grove§clearing,,,,,,,,,,,,,,,,,,,,,,,,,,,,,,,,,,,,,,,,,,,,,,,,,,,,,,,,,,,,,,,,,,,,,,,lū.kor,grove§clearing,,,,,,,,,,,,,,,,,,,,,,,,,,,,,,lu.kor,,,,,,,,,,,,,,,,,,,,,,,,,lu.kor,grove§clearing,,,,,,,,,,,lu.ko˞,,,,,,,,,,,,,,,,,,,,,,lu.ko,lu.ko,grove§clearing,,,,,,,,,,,,,,,,,,,,,,,,,,,,,,,,,lu.ka,,lu.ka,grove§clearing,,,,,,,,,,,,,,,,,,,,,,,,,,,,,,,,,,,,,,,,,lu.ka[lu.kɐ],,,lu.ka[lu.kɐ],grove§clearing,,,,,luk,,,,,,,,,,,,luk,,,,,,,,,,,,,,,,,,,,,,,,,,luk,grove§clearing,,,,,,,,,,,,,,,,,,,,,,,,,,,,,,,,,,,,,,,,,,,,,,,,,,,,,,,,,,,,,,,,luk,grove§clearing
meh₂ḱ-,m̥h₂.ḱwós,,m̥h₂.kwós,,,,,m̥h₂.kʷós,,,,,,,,,,,,,,,,,,,,,,,ma.kʷós,,,,,,,,,,,,,,,,,,,,,,,,,,ma.fós,,,,,,,,,,,,,,,,,,,,,,,,,,,,,,,,,,,,ma.vós,ma.vos,child,,,,,,,,,,,,,,,,,,,,ma.voz,,ma.vor,,,,,,,,,,,,,,,,,,,,,,,,,,,,,,,,,,,,,,,,ma.vor,child,,,,,,,,,,,,,,,,,,,,,,,,,,,,,,,,,,,,,,,,,,,,,,,,,,,,,,,,,,,,,,,,,,,,,,,ma.vor,child,,,,,,,,,,,,,,,,,,,,,,,,,,,,,,,,,,,,,,,,,,,,,,,,,,,,,,,ma.vor,child,,,,,,,,,,,ma.vo˞,,,,,,,,,,,,,,,,,,,,,,ma.vo,ma.vo,child,,,,,,,,,,,,,,,,,,,,,,,,,,,,,,,,,ma.va,,ma.va,child,,,ma.vʲa,,,,,,,,,,,,,,,,,,,,,,,ma.ja,,,,,,,,,,,,,,,ma.ja[ma.jɐ],,,ma.ja[ma.jɐ],child,,,,,maj,,,,,,,,,,,,maj,,,,,,,,,,,,,,,,,,,,,,,,,,mai̯,child,,,,,,,,,,,,,,,,,,,,,,,,,,,,,,,,,,,,,,mɛ,,,,,,,,,,,,,,,mœ,,,,,,,,,,,mœ,child
(s)merd-,(s)mer.do.yós,smer.do.yós,,,,,,,,,,,,,,,,,,,,,,,,,,,,,,,,,,,,,,,,,,,,,,,,,,,,,,,,,,,,,,,,,,,smer.dē.ós,,,,,,,,,,,,,,,,,,,,,,,,,smer.dē.os,ant,,,smer.de.os,,,smer.de.jos,,,,,,,,,,,smir.de.jos,,,smir.de.joz,,smir.de.jor,,,,,,,,,,,,,,,,,,,,,,,,,,,,,,,,,,,,,,,,smir.de.jor,ant,,,,,,,,,,,,,,,,,,,,,,,,,,,,,,,,,,,,,,,,,,,,,,,,,,,,,,,,,,,,,,,,,,,,,,,smir.de.jor,ant,,,,,,,,,,,,,,,,,,,,,,,,,,,,,,,,,,,,,,,smir.de.jor[smir.de.ʒor],,,,,,,,,smir.de.jor[ʃmir.de.ʒor],,,,,,,smir.de.jor[ʃmir.de.ʒor],ant,,,,smir.de.zor[ʃmir.de.zor],,,,,,,smir.de.zo˞[ʃmir.de.zo˞],,,,,,,,,,,,,,,,,,,,,,smir.de.zo[ʃmir.de.zo],smir.de.zo[ʃmir.de.zo],ant,,,,smer.de.zo[ʃmer.de.zo],,,,,,,,,,,,,,,,,,,,,,,,,,,,,smer.de.za[ʃmer.de.za],,smer.de.za[ʃmer.de.za],ant,,,,,,,,,,,,,,,,,,,,,,,,,,,,,,,,,ʃmer.de.za,,,mer.de.za,,,,,mer.de.za[mer.de.zɐ],,,mer.de.za[mer.de.zɐ],ant,,,,,mer.dez,,,,,,,,,,,,mer.dez,,,,,,,,,,,,,,,,,,,,,,,,,,mer.dez,ant,,,,,,,,,,,,,,,,,,,,,,,,,,,,,,,,,,,,mie̯r.dez,,,,,,,,,,,,,,,,,,,,,,,,,,,,mie̯r.dez,ant
,már.kos,,,,,,,,,,,,,,,,,,,,,,,,,,,,,,,,,,,,,,,,,,,,,,,,,,,,,,,,,,,,,,,,,,,,,,,,,,,,,,,,,,,,,,,,,,,,,mar.kos,horse,,,,,,,,,,,,,,,,,,,,mar.koz,,mar.kor,,,,,,,,,,,,,,,,,,,,,,,,,,,,,,,,,,,,,,,,mar.kor,horse,,,,,,,,,,,,,,,,,,,,,,,,,,,,,,,,,,,,,,,,,,,,,,,,,,,,,,,,,,,,,,,,,,,,,,,mar.kor,horse,,,,,,,,,,,,,,,,,,,,,,,,,,,,,,,,,,,,,,,,,,,,,,,,,,,,,,,mar.kor,horse,,,,,,,,,,,mar.ko˞,,,,,,,,,,,,,,,,,,,,,,mar.ko,mar.ko,horse,,,,,,mor.ko,,,,,,,,,,,,,,,,,,,,,,,,,,,mor.ka,,mor.ka,horse,,,,,,,,,,,,,,,,,,,,,,,,,,,,,,,,,,,,,,,,,mor.ka[mor.kɐ],,,mor.ka[mor.kɐ],horse,,,,,mork,,,,,,,,,,,,mork,,,,,,,,,,,,,,,,,,,,,,,,,,mork,horse,,,,,,,,,,,,,,,,,,,,,,,,,,,,,,,,,,,,,mue̯rk,,,,,,,,,,,,,,,,,,,,,,,,,,,mue̯rk,horse
,,,,,,,,,,,,,,,,,,,,,,,,,,,,,,,,,,,,,,,,,,,,,,,,,,,,,,,,,,,,,,,,,,,,,,,,,,,,,,,,,,,,,,,,,,,,,,,,,L^C nero- > ne.ros,,,,,,,,,,,,,,,ni.ros,,,ni.roz,,ni.ror,,,,,,,,,,,,,,,,,,,,,,,,,,,,,,,,,,,,,,,,ni.ror,hero,,,,,,,,,,,,,,,,,,,,,,,,,,,,,,,,,,,,,,,,,,,,,,,,,,,,,,,,,,,,,,,,,,,,,,,ni.ror,hero,,,,,,,,,,,,,,,,,,,,,,,,,,,,,,,,,,,,,,,,,,,,,,,,,,,,,,,ni.ror,hero,,,,,,,,,,,ni.ro˞,,,,ɲi.ro˞,,,,,,,,,,,,,,,,,,ɲi.ro,ɲi.ro,hero,,,,ɲe.ro,,,,,,,,,,,,,,,,,,,,,,,,,,,,,ɲe.ra,,ɲe.ra,hero,,,,,,,,,,,,,,,,,,,,,,,,,,,,,,,,,,,,,,,,,ɲe.ra[ɲe.rɐ],,,ɲe.ra[ɲe.rɐ],hero,,,,,ɲer,,,,,,,,,,,,ɲer,,,,,,,,,,,,,,,,,,,,,,,,,,ɲer,hero,,,,,,,,,,,,,,,,,,,,,,,,,,,,,,,,,,,,ɲie̯r,,,,,,,,,,,,,,,,,,,,,,,,,,,,ɲie̯r,hero
snewdʰ-,snē.ow.dʰós,,,,,,,,,,,,,,,,,,,,,,,,,,,,,,,,,,,,,,,,,,,,,,,,,,,,,,snē.ow.tós,,,,,,,,,,,snē.ū.tós,,,,,,,,,,,,,,,,,,,,,,,snē.wū.tós,,,,snē.wū.dós,Snē.wū.dos,pagan god of the sky,,,Snē.wu.dos,,Snē.vu.dos,,,,,,,,,,,,,,,Snē.vu.doz,,Snē.vu.dor,,,,,Snē.vu.dor[Snē.vu.ðor],,,,,,,,,,,,,,,,,,,,,,,,,,,,,,,,,,,Snē.vu.dor[Snē.vu.ðor],pagan god of the sky,,,,,,,,,,,,,,,,,,,,,,,,,,,,,,,,,,,,,,,,,,,,,,,,,,,,,,,,,,,,,,,,,,,,,,,Snē.vu.dor[Snē.vu.ðor],pagan god of the sky,,,,,Snē.vy.dor[Snē.vy.ðor],,,,,,,,,,,,,,,,,,,,,,,,,,,,,Sneu̯.vy.dor[Sneu̯.vy.ðor],,,,,,,,,,,,,,,Sneu̯.vy.dor[ʃneu̯.vy.ðor],,,,,,Sneu̯.vy.dor[ʃneu̯.vy.ðor],pagan god of the sky,,,,,,,,,,,Sneu̯.vy.do˞[ʃneu̯.vy.ðo˞],,,,,,,,,,,,,,,,,,,,,,Sneu̯.vy.do[ʃneu̯.vy.ðo],Sneu̯.vy.do[ʃneu̯.vy.ðo],pagan god of the sky,,,,,,,,,,,,,,,,,,,,,,,,,,,,,,,,,Sneu̯.vy.da[ʃneu̯.vy.ða],,Sneu̯.vy.da[ʃneu̯.vy.ða],pagan god of the sky,,,Sneu̯.vʲy.da[ʃneu̯.vʲy.ða],,,,,,,,,,,,,,Sneu̯.vʲy.za[ʃneu̯.vʲy.za],,,,,,,,,Sneu̯.jy.za[ʃneu̯.jy.za],,,,,,,ʃneu̯.jy.za,,,Neu̯.jy.za,,,,,Neu̯.jy.za[Neu̯.jy.zɐ],,,Neu̯.jy.za[Neu̯.jy.zɐ],pagan god of the sky,,,,,Neu̯.jyz,,,,,,,,,,,,Neu̯.jyz,,,,,,,,,,,,,,,,,,,,,,,,,,neu̯.jyz,pagan god of the sky,,,,,,,,,,,,,,,,,,,,,,,,,,,,,,neu̯.jiz,,,,,,,,,,,,,nɛ.jiz,,,,,,,,,,nœ.jiz,,,,,,,,,,,nœ.jiz,pagan god of the sky
sneygʷʰ-,snóy.gʷʰos,,,,,,,,,,,,,,,,,,,,,,,,,,,,,,,,,,,,,,,,,,,,,,,,,,,,,,,,,,,,,,,,,,,,snḗ.gʷʰos,,,,,,,,,snḗ.wos,,,,,,,,,,,,,,,,snē.wos,snow,,,,,snē.vos,,,,,,,,,,,,,,,snē.voz,,snē.vor,,,,,,,,,,,,,,,,,,,,,,,,,,,,,,,,,,,,,,,,snē.vor,snow,,,,,,,,,,,,,,,,,,,,,,,,,,,,,,,,,,,,,,,,,,,,,,,,,,,,,,,,,,,,,,,,,,,,,,,snē.vor,snow,,,,,,,,,,,,,,,,,,,,,,,,,,,,,,,,,,sneu̯.vor,,,,,,,,,,,,,,,sneu̯.vor[ʃneu̯.vor],,,,,,sneu̯.vor[ʃneu̯.vor],snow,,,,,,,,,,,sneu̯.vo˞[ʃneu̯.vo˞],,,,,,,,,,,,,,,,,,,,,,sneu̯.vo[ʃneu̯.vo],sneu̯.vo[ʃneu̯.vo],snow,,,,,,,,,,,,,,,,,,,,,,,,,,,,,,,,,sneu̯.va[ʃneu̯.va],,sneu̯.va[ʃneu̯.va],snow,,,sneu̯.vʲa[ʃneu̯.vʲa],,,,,,,,,,,,,,,,,,,,,,,sneu̯.ja[ʃneu̯.ja],,,,,,,ʃneu̯.ja,,,neu̯.ja,,,,,neu̯.ja[neu̯.jɐ],,,neu̯.ja[neu̯.jɐ],snow,,,,,neu̯j,,,,,,,,,,,,neu̯j,,,,,,,,,,,,,,,,,,,,,,,,,ne.wi,ne.wi,snow,,,,,,,,,,,,,,,,,,,,,,,,,,,,,ne.wɨ,,,,,,,nie̯.wɨ,,,,,,,,,,,,,,,,,,,,,,,,,nie̯.βɨ,,,nie̯.βɨ,snow
,nis.dós,,,,,,,,,,,,,,,,,niz.dós,,,,,,,,,,,,,,,,,,,,,,,,,,,,,,,,,,,,,,,,,,,,,,,,,,,,,,,,,,,,,,,,,,,,,,,,,,,,niz.dos,nest,,,,,,,,,,,,,,,,,,,,niz.doz,,nir.dor,,,,,,,,,,,,,,,,,,,,,,,,,,,,,,,,,,,,,,,,nir.dor,nest,,,,,,,,,,,,,,,,,,,,,,,,,,,,,,,,,,,,,,,,,,,,,,,,,,,,,,,,,,,,,,,,,,,,,,,nir.dor,nest,,,,,,,,,,,,,,,,,,,,,,,,,,,,,,,,,,,,,,,,,,,,,,,,,,,,,,,nir.dor,nest,,,,,,,,,,,nir.do˞,,,,ɲir.do˞,,,,,,,,,,,,,,,,,,ɲir.do,ɲir.do,nest,,,,ɲer.do,,,,,,,,,,,,,,,,,,,,,,,,,,,,,ɲer.da,,ɲer.da,nest,,,,,,,,,,,,,,,,,,,,,,,,,,,,,,,,,,,,,,,,,ɲer.da[ɲer.dɐ],,,ɲer.da[ɲer.dɐ],nest,,,,,ɲerd,,,,,,,,,,,,ɲerd,,,,,,,,,,,,,,,,,,,,,,,,,,ɲerd,nest,,,,,,,,,,,,,,,,,,,,,,,,,,,,,,,,,,,,ɲie̯rd,,,,,,,,,,,,,,,,,,,,,,,,,,,,ɲie̯rd,nest
sneg-,sno.gós,,,,,,,,,,,,,,,,,,,,,,,,,,,,,,,,,,,,,,,,,,,,,,,,,,,,,,,,,,,,,,,,,,,,,,,,,,,,,,,,,,,,,,,,,,,,,sno.gos,snake,,,,,,,,,,,,,,,,,,snu.gos,,snu.goz,,snu.gor,,,,,,,,,,,,,,,,,,,,,,,,,,,,,,,,,,,,,,,,snu.gor,snake,,,,,,,,snu.gor[snu.ɣor],,,,,,,,,,,,,,,,,,,,,,,,,,,,,,,,,,,,,,,,,,,,,,,,,,,,,,,,,,,,,,,snu.gor[snu.ɣor],snake,,,,,sny.gor[sny.ɣor],,,,,,,,,,,,,,,,,,,,,,,,,,,,,,,,,,,,,,,,,,,,sny.gor[ʃny.ɣor],,,,,,sny.gor[ʃny.ɣor],snake,,,,,,,,,,,sny.go˞[ʃny.ɣo˞],,,,,,,,,,,,,,snø.go˞[ʃnø.ɣo˞],,,,,,,,snø.go[ʃnø.ɣo],snø.go[ʃnø.ɣo],snake,,,,,,,,,,,,,,,,,,,,,,,,,,,,,,,,,snø.ga[ʃnø.ɣa],,snø.ga[ʃnø.ɣa],snake,,,,,,,,,,,,,,,,,,snø.ja[ʃnø.ja],,,,,,,,,,,,,,,ʃnø.ja,,,nø.ja,,,,,nø.ja[nø.jɐ],,,nø.ja[nø.jɐ],snake,,,,,nøj,,,,,,,,,,,,nøj,,,,,,,,,,,,,,,,,,,,,,,,,,nøi̯,snake,,,,,,,,,,,,,,,,,,,,,,,,,,,,,,,,,,,ne,nie̯,,,,,,,,,,,,,,,,,,,,,,,,,,,,nie̯,snake
negʷʰ-,ne.gʷʰrós,,,,,,,,,,,,,,,,,,,,,,,,,,,,,,,,,,,,,,,,,,,,,,,,,,,,,,,,,,,,,,,,,,,,,,,,,,,,,new.rós,,,,,,,,,,,,,,,,new.ros,kidney,,,,,,,,,,,,,,,,,niw.ros,,,niw.roz,,niw.ror,,,,,,,,,,,,,,,,,,,,,,,,,,,,,,,,,,,,,,,,niw.ror,kidney,,,,,,,,,,,,,,,,,,,,,,,,,,,,,,,,,,,,,,,,,,,,,,,,,,,,,,,,,,,,,,,,,,,,,,,niw.ror,kidney,,,,,,,,,,,,,,,,,,,,,,,,,,,,,,,,,,,,,,,,,,,,,,,,,,,,,,,niw.ror,kidney,,,,,,,,,,,niw.ro˞,,,,ɲiw.ro˞,,,,,,,ɲeu̯.ro˞,,,,,,,,,,,ɲeu̯.ro,ɲeu̯.ro,kidney,,,,,,,,,,ɲau̯.ro,,,,,,,,,,,,,,,,,,,,,,,ɲau̯.ra,,ɲau̯.ra,kidney,,,,,,,,,,,,,,,,,,,,,,,,,,,,,,,,,,,,,,,,,ɲau̯.ra[ɲau̯.rɐ],,,ɲau̯.ra[ɲau̯.rɐ],kidney,,,,,ɲau̯r,,,,,,,,,,,,ɲau̯r,,,,,,,,,,,,,,,,,,,,,,,,,,ɲau̯r,kidney,,,,,,,,,,,,,,,,,,,,,,,,,,,,,,,,,,,,,,,,,,,,ɲɔr,,,,,,,,,,,ɲar,,,,,,,,,ɲar,kidney
,snu.sós,,,,,,,,,,,,,,,,,,,,,,,,,,,,,,,,,,,,,,,,,,,,,,,,,,,,,,,,,,,,,,,,,,,,,,,,,,,,,,,,,,,,,,,,,,,,snu.zós,snu.zos,daughter-in-law,,,,,,,,,,,,,,,,,,,,snu.zoz,,snu.ror,,,,,,,,,,,,,,,,,,,,,,,,,,,,,,,,,,,,,,,,snu.ror,daughter-in-law,,,,,,,,,,,,,,,,,,,,,,,,,,,,,,,,,,,,,,,,,,,,,,,,,,,,,,,,,,,,,,,,,,,,,,,snu.ror,daughter-in-law,,,,,sny.ror,,,,,,,,,,,,,,,,,,,,,,,,,,,,,,,,,,,,,,,,,,,,sny.ror[ʃny.ror],,,,,,sny.ror[ʃny.ror],daughter-in-law,,,,,,,,,,,sny.ro˞[ʃny.ro˞],,,,,,,,,,,,,,,,,,,,,,sny.ro[ʃny.ro],sny.ro[ʃny.ro],daughter-in-law,,,,,snø.ro[ʃnø.ro],,,,,,,,,,,,,,,,,,,,,,,,,,,,snø.ra[ʃnø.ra],,snø.ra[ʃnø.ra],daughter-in-law,,,,,,,,,,,,,,,,,,,,,,,,,,,,,,,,,ʃnø.ra,,,nø.ra,,,,,nø.ra[nø.rɐ],,,nø.ra[nø.rɐ],daughter-in-law,,,,,nør,,,,,,,,,,,,nør,,,,,,,,,,,,,,,,,,,,,,,,,,nør,daughter-in-law,,,,,,,,,,,,,,,,,,,,,,,,,,,,,,,nyr,,,,,,,,,,,,,,,,,,,,,,,,,,,,,,,,,nyr,daughter-in-law
,,,,,,,,,,,,,,,,,,,,,,,,,,,,,,,,,,,,,,,,,,,,,,,,,,,,,,,,,,,,,,,,,,,,,,,,,,,,,,,,,,,,,,,,,,,,,,,,,L^G ἄργυρος > ar.gu.ros,,,,,,,,,,,,,,,,,,ar.gu.roz,,ar.gu.ror,,,,,,,,,,,,,,,,,,,,,,,,,,,,,,,,,,,,,,,,ar.gu.ror,silver,,,,,,,,,,,,,,,,,,,,,,,,,,,,,,,,,,,,,,,,,,,,,,,,,,,ar.gror,,,,,,,,,,,,,,,,,,,,ar.gror,silver,,,,,,,,,,,,,,,,,,,,,,,,,,,,,,,,,,,,,,,,,,,,,,,,,,,,,,,ar.gror,silver,,,,,,,,,,,ar.gro˞,,,,,,,,,,,,,,,,,,,,,,ar.gro,ar.gro,silver,,,,,,or.gro,,,,,,,,,,,,,,,,,,,,,,,,,,,or.gra,,or.gra,silver,,,,,,,,,,,,,,,,,,,,,,,,,,,,,,,,,,,,,,,,,or.gra[or.grɐ],,,or.gra[or.grɐ],silver,,,on.gra[oŋ.grɐ],,ongr[oŋgr],,,on.gr̩[oŋ.gr̩],,,,,,,,,on.gr̩[oŋ.gr̩],,,,,,,,,,,,,,,,,,,on.gr̩[oŋ.gər],,,,,,,on.gr̩[oŋ.gər],silver,,,,,,,,,,,,,,,,,,,,,,,,,,,,,,,,,,,,,ue̯n.gr̩[ue̯ŋ.gər],,,,,,,,,,,,,,,,,,,,,,,,,,ue̯.ŋr̩[ue̯.ŋər],ue̯.ŋr̩[ue̯.ŋər],silver
,h₂ŕ̥t.ḱos,,h₂ŕ̥t.kos,,,h₂ŕ̥k.sos,,,,,,,,,,,,,,,,,,,,,,,,,,,,árk.sos,,,,,,,,,,,,,,,,,,,,,,,,,,,,,,,,,,,,,,,,,,,,,,,,,,,,,,,,,,,,ark.sos,bear,,,,,,,,,,,,,,,,,,,,ark.soz,,ark.sor,,,,,,,,,,,,,,,,,,,,,,,,,,,,,,,,,,,,,,,,ark.sor,bear,,,,,,,,,,,,,,,,,,,,,,,,,,,,,,,,,,,,,,,,,,,,,,,,,,,,,,,,,,,,,,,,,,,,,,,ark.sor,bear,,,,,,,,,,,,,,,,,,,,,,,,,,,,,,,,,,,,,,,,,,,,,,,,,,,,,,,ark.sor,bear,,,,,,,,,,,ark.so˞,,,,,,,,,,,,,,,,,,,,,,ark.so,ark.so,bear,,,,,,ork.so,,,,,,,,,,,,,,,,,,,,,,,,,,,ork.sa,,ork.sa,bear,,,,,,,,,,,,,,,,,,,,,,,,,,,,,,,,,,,,,,,,,ork.sa[ork.sɐ],,,ork.sa[ork.sɐ],bear,,,,,orks,,,,,,,,,,,,orks,,,,,,,,,,,,,,,,,,,,,,,,,,orks,bear,,,,,,,,,,,,,,,,,,,,,,,,,,,,,,,,,,,,,ue̯rks,,,,,,,,,,,,,,,,,,,,,,,,,,,ue̯rks,bear
h₃erbʰ-,h₃ór.bʰos,,,,,,,,,,,,,,,,,,,,,,,,,,,,,,,,,,,,,,,,,,,,ór.bʰos,,,,,,,,,ór.pos,,,,,,,,,,,,,,,,,,,,,,,,,,,,,,,,,,,,,,,,or.pos,orphan,,,,,,,,,,,,,,,,,,ur.pos,,ur.poz,,ur.por,,,,,,,,,,,,,,,,,,,,,,,,,,,,,,,,,,,,,,,,ur.por,orphan,,,,,,,,,,,,,,,,,,,,,,,,,,,,,,,,,,,,,,,,,,,,,,,,,,,,,,,,,,,,,,,,,,,,,,,ur.por,orphan,,,,,yr.por,,,,,,,,,,,,,,,,,,,,,,,,,,,,,,,,,,,,,,,,,,,,,,,,,,yr.por,orphan,,,,,,,,,,,yr.po˞,,,,,,,,,,,,,,,,,,,,,,yr.po,yr.po,orphan,,,,,ør.po,,,,,,,,,,,,,,,,,,,,,,,,,,,,ør.pa,,ør.pa,orphan,,,,,,,,,,,,,,,,,,,,,,,,,,,,,,,,,,,,,,,,,ør.pa[ør.pɐ],,,ør.pa[ør.pɐ],orphan,,,,,ørp,,,,,,,,,,,,ørp,,,,,,,,,,,,,,,,,,,,,,,,,,ørp,orphan,,,,,ørp[ʉrp],,,,,,,,,,,,,,,,,,,,,,,ørp[ɨrp],,,yrp[ɨrp],,,,,,,,,,,,,,,,,,,,,,,,,,,,,,,,,yrp[ɨrp],orphan
,h₃ós.dos,,,,,,,,,,,,,,,,,h₃óz.dos,,,,,,,,,,,,,,,,,,,,,,,,,,,óz.dos,,,,,,,,,,,,,,,,,,,,,,,,,,,,,,,,,,,,,,,,,,,,,,,,,oz.dos,branch§twig,,,,,,,,,,,,,,,,,,uz.dos,,uz.doz,,ur.dor,,,,,,,,,,,,,,,,,,,,,,,,,,,,,,,,,,,,,,,,ur.dor,branch§twig,,,,,,,,,,,,,,,,,,,,,,,,,,,,,,,,,,,,,,,,,,,,,,,,,,,,,,,,,,,,,,,,,,,,,,,ur.dor,branch§twig,,,,,yr.dor,,,,,,,,,,,,,,,,,,,,,,,,,,,,,,,,,,,,,,,,,,,,,,,,,,yr.dor,branch§twig,,,,,,,,,,,yr.do˞,,,,,,,,,,,,,,,,,,,,,,yr.do,yr.do,branch§twig,,,,,ør.do,,,,,,,,,,,,,,,,,,,,,,,,,,,,ør.da,,ør.da,branch§twig,,,,,,,,,,,,,,,,,,,,,,,,,,,,,,,,,,,,,,,,,ør.da[ør.dɐ],,,ør.da[ør.dɐ],branch§twig,,,,,ørd,,,,,,,,,,,,ørd,,,,,,,,,,,,,,,,,,,,,,,,,,ørd,branch§twig,,,,,ørd[ʉrd],,,,,,,,,,,,,,,,,,,,,,,ørd[ɨrd],,,yrd[ɨrd],,,,,,,,,,,,,,,,,,,,,,,,,,,,,,,,,yrd[ɨrd],branch§twig
bʰerǵʰ-,bʰer.ǵʰós,,,,bʰer.gʰós,,,,,,,,,,,,,,,,,,,,,,,,,,,,,,,,,,,,,,,,,,,,,,,,,per.gʰós,,per.kós,,,,,,,,,,,,,,,,,,,,,,,,,,,,,,,,,,,,,per.gós,per.gos,mountain,,,,,,,,,,,,,,,,,pir.gos,,,pir.goz,,pir.gor,,,,,,,,,,,,,,,,,,,,,,,,,,,,,,,,,,,,,,,,pir.gor,mountain,,,,,,,,,,,,,,,,,,,,,,,,,,,,,,,,,,,,,,,,,,,,,,,,,,,,,,,,,,,,,,,,,,,,,,,pir.gor,mountain,,,,,,,,,,,,,,,,,,,,,,,,,,,,,,,,,,,,,,,,,,,,,,,,,,,,,,,pir.gor,mountain,,,,,,,,bir.gor,,,bir.go˞,,,,,,,,,,,,,,,,,,,,,,bir.go,bir.go,mountain,,,,ber.go,,,,,,,,,,,,,,,,,,,,,,,,,,,,,ber.ga,,ber.ga,mountain,,,,,,,,,,,,,,,,,,,,,,,,,,,,,,,,,,,,,,,,,ber.ga[ber.gɐ],,,ber.ga[ber.gɐ],mountain,,,,,berg,,,,,,,,,,,,berg,,,,,,,,,,,,,berg[perg],,,,,,,,,,,,,berg[perg],mountain,,,,,,,,,,,,,,,,,,,,,,,,,,,,,,,,,,,,bie̯rg[pie̯rg],,,,,,,,,,,,,,,,,,,,,,,,,,,,bie̯rg[pie̯rg],mountain
,péy.sḱos,,péj.skos,,,,,,,,,,,,,,,,,,,,,,,,,,,,,,,,,,,,,,,,,,,,,,,,,,,,,,,,,,,,,,,,,,,pḗ.skos,,,,,,,,,,,,,,,,,,,,,,,,pē.skos,fish,,,,,,,,,,,,,,,,,,,,pē.skoz,,pē.skor,,,,,,,,,,,,,,,,,,,,,,,,,,,,,,,,,,,,,,,,pē.skor,fish,,,,,,,,,,,,,,,,,,,,,,,,,,,,,,,,,,,,,,,,,,,,,,,,,,,,,,,,,,,,,,,,,,,,,,,pē.skor,fish,,,,,,,,,,,,,,,,,,,,,,,,,,,,,,,,,,peu̯.skor,,,,,,,,,,,,,peu̯.skor[peu̯.ʃkor],,,,,,,,peu̯.skor[peu̯.ʃkor],fish,,,,,,,,,,peu̯.su.kor,peu̯.su.ko˞,,,,,,,,,pe.su.ko˞,,,,,,,,,,,,,pe.su.ko,pe.su.ko,fish,,,,,,,,,,,,,,,,,,,,,,,,,,,,,,,,,pe.su.ka,,pe.su.ka,fish,,,,,,,,,,,,,,,,,,,,,,,,,,,,,,,,,,,,,,,,,pe.su.ka[pe.su.kɐ],,,pe.su.ka[pe.su.kɐ],fish,,,,,pe.suk,,,,,,,,,,,,pe.suk,,,,,,,,,,,,pe.suk[pʰe.suk],,,,,,,,,,,,,,pe.suk[pʰe.suk],fish,,,,,,,,,,,,,,,,,,,,,,,,pe.suk[pʰe.zuk],,,,,,,,,,,,pie̯.suk[pʰie̯.zuk],,,,,,,,,,,,,,,,,,,,,,,,,,,,pie̯.suk[pʰie̯.zuk],fish
,,,,,,,,,,,,,,,,,,,,,,,,,,,,,,,,,,,,,,,,,,,,,,,,,,,,,,,,,,,,,,,,,,,,,,,,,,,,,,,,,,,,,,,,,,,,,,,,,L^G πάπυρος > pa.pu.ros,,,,,,,,,,,,,,,,,,pa.pu.roz,,pa.pu.ror,,,,,,,,,,,,,,,,,,,,,,,,,,,,,,,,,,,,,,,,pa.pu.ror,paper,,,,,,,,,,,,,,,,,,,,,,,,,,,,,,,,,,,,,,,,,,,,,,,,,,,pa.pror,,,,,,,,,,,,,,,,,,,,pa.pror,paper,,,,,,,,,,,,,,,,,,,,,,,,,,,,,,,,,,,,,,,,,,,,,,,,,,,,,,,pa.pror,paper,,,,,par.por,,,,,,par.po˞,,,,,,,,,,,,,,,,,,,,,,par.po,par.po,paper,,,,,,por.po,,,,,,,,,,,,,,,,,,,,,,,,,,,por.pa,,por.pa,paper,,,,,,,,,,,,,,,,,,,,,,,,,,,,,,,,,,,,,,,,,por.pa[por.pɐ],,,por.pa[por.pɐ],paper,,,,,porp,,,,,,,,,,,,porp,,,,,,,,,,,,porp[pʰorp],,,,,,,,,,,,,,porp[pʰorp],paper,,,,,,,,,,,,,,,,,,,,,,,,,,,,,,,,,,,,,pue̯rp[pʰue̯rp],,,,,,,,,,,,,,,,,,,,,,,,,,,pue̯rp[pʰue̯rp],paper
,,h₂p.h₃ó.lh₁o.yos,,,,,,,,,,h₂p.h₃ó.lh₁o.yos[h₂b.h₃ó.lh₁o.yos],,,,,,,,,,,,,,,,,,,,,,,,,,,,,,,,,bó.lo.yos,,,,,,,,,,,,,,,,,,,,,,,,bó.lē.os,,,,,,,,,,,,,,,,,,,,,,,,,bo.lē.os,enemy,,,bo.le.os,,,bo.le.jos,,,,,,,,,,,,bu.le.jos,,bu.le.joz,,bu.le.jor,,,,,,,,,,,,,,,,,,,,,,,,,,,,,,,,,,,,,,,,bu.le.jor,enemy,,,,,,,,,,,,,,,,,,,,,,,,,,,by.le.jor,,,,,,,,,,,,,,,,,,,,,,,,,,,,,,,,,,,,,,,,,,,,by.le.jor,enemy,,,,bø.le.jor,,,,,,,,,,,,,,,,,,,,,,,,,,,,,,,,,,,bø.le.jor[bø.le.ʒor],,,,,,,,,,,,,,,,bø.le.jor[bø.le.ʒor],enemy,,,,bø.le.zor,,,,,,,bø.le.zo˞,,,,,,,bø.ʎe.zo˞,,,,,,,,,,,,,,,bø.ʎe.zo,bø.ʎe.zo,enemy,,,,,,,,,,,,,,,,,,,,,,,,,,,,,,,,,bø.ʎe.za,,bø.ʎe.za,enemy,,,,,,,,,,,,,,,,,,,,,,,,,,,,,,,,,,,,,,,,,bø.ʎe.za[bø.ʎe.zɐ],,,bø.ʎe.za[bø.ʎe.zɐ],enemy,,,,,bø.ʎez,,,,,,,,,,,,bø.ʎez,,,,,,,,,,,,,bø.ʎez[pø.ʎez],,,,,,,,,,,,,bø.ʎez[pø.ʎez],enemy,,,,,,,,,,,,,,,,,,,,,,,,,,,,,,,by.ʎez[py.ʎez],,,,,,,,,,,,,,,,,,,,,,,,,,,,,,,,,by.ʎez[py.ʎez],enemy
h₃reyH-,h₃riH.wós,,,,,,,,,,,,,,,,,,,,,,,,,,,,,,,,,,,,,,,,h₃rī.wós,,,,rī.wós,,,,,,,,,,,,,,,,,,,,,,,,,,,,,,,,,,,,,,,,,,,,,,,,,rī.wos,river§stream,,,,,rī.vos,,,,,,,,,,,,,,,rī.voz,,rī.vor,,,,,,,,,,,,,,,,,,,,,,,,,,,,,,,,,,,,,,,,rī.vor,river§stream,,,,,,,,,,,,,,,,,,,,,,,,,,,,,,,,,,,,,,,,,,,,,,,,,,,,,,,,,,,,,,,,,,,,,,,rī.vor,river§stream,,,,,,,,,,,,,,,,,,,,,,,,,,,,,,,ri.vor,,,,,,,,,,,,,,,,,,,,,,,,ri.vor,river§stream,,,,,,,,,,,ri.vo˞,,,,,,,,,,,,,,,,,,,,,,ri.vo,ri.vo,river§stream,,,,,,,,,,,,,,,,,,,,,,,,,,,,,,,,,ri.va,,ri.va,river§stream,,,,,,,,,,,,,,,,,,,,,,,,,,,,,,,,,,,,,,,,,ri.va[ri.vɐ],,,ri.va[ri.vɐ],river§stream,,,,,riv,,,,,,,,,,,,riv,,,,,,,,,,,,,,,,,,,,,,,,,,riv,river§stream,,,,,,,,,,,,,,,,,,,,,,,,,,,,,rɨv,,,,,,,,,,,,,,,,,,,,,,,,,,,,,,,,,,,rɨv,river§stream
,,,,,,,,,,,,,,,,,,,,,,,,,,,,,,,,,,,,,,,,,,,,,,,,,,,,,,,,,,,,,,,,,,,,,,,,,,,,,,,,,,,,,,,,,,,,,,,,,,,,,,,,,,,,,,,,,,,,,,,,,,,,,,,,,,,,,,,,,,,,,,,,,,,,,,,,L^L hirpus > hir.por,,xir.por,,,xir.por,wolf,,,,,,,,,,,,,,,,,,,,,,sir.por,,,,,,,,,,,,,,,,,,,,,,,,,,,,,,,,,,,,,,,,,,,,,,,,,sir.por,wolf,,,,,,,,,,,,,,,,,,,,,,,,,,,,,,,,,,,,,,,,,,,,,,,,,,,,,,,sir.por,wolf,,,,,,,,,,,sir.po˞,,,,,,,,,,,,,,,,,,,,,,sir.po,sir.po,wolf,,,,ser.po,,,,,,,,,,,,,,,,,,,,,,,,,,,,,ser.pa,,ser.pa,wolf,,,,,,,,,,,,,,,,,,,,,,,,,,,,,,,,,,,,,,,,,ser.pa[ser.pɐ],,,ser.pa[ser.pɐ],wolf,,,,,serp,,,,,,,,,,,,serp,,,,,,,,,,,,,,,,,,,,,,,,,,serp,wolf,,,,,,,,,,,,,,,,,,,,,,,,,,,,,,,,,,,,sie̯rp,,,,,,,,,,,,,,,,,,,,,,,,,,,,sie̯rp,wolf
ǵʰes-,ǵʰé.stos,,,,gʰé.stos,,,,,,,,,,,,,,,,,,,,,,,,,,,,,,,,,,,,,,,,,,,,,,,,hé.stos,,,,,,,,,,,,,,,,,,,,,,,,,,,,,,,,,,,,,,,,,hes.tos,hand,,,,,,,,,,,,,,,,,hi.stos,,,hi.stoz,,hi.stor,,,,,,,,,,,,,,,,,,,,,,,,,,,,,,,,,,,,,xi.stor,,,xi.stor,hand,,,,,,,,,,,,,,,,,,,,,,si.stor,,,,,,,,,,,,,,,,,,,,,,,,,,,,,,,,,,,,,,,,,,,,,,,,,si.stor,hand,,,,,,si.t͡sor,,,,,,,,,,,,,,,,,,,,,,,,,,,,,,,,,,,,,,,,,,,,,,,,,si.t͡sor,hand,,,,,,,,,,,si.t͡so˞,,,,,,,,,,,,,,,,,,,,,,si.t͡so,si.t͡so,hand,,,,,,,,,,,,,,,,,,,,,,,,,,,,,,,,,si.t͡sa,,si.t͡sa,hand,,,,,,,,,,,,,,,,,,,,,,,,,si.sa,,,,,,,,,,,,,,,,si.sa[si.sɐ],,,si.sa[si.sɐ],hand,,,,,sis,,,,,,,,,,,,sis,,,,,,,,,,,,,,,,,,,,,,,,,,sis,hand,,,,,,,,,,,,,,,,,,,,,,,,,,,,,sɨs,,,,,,,,,,,,,,,,,,,,,,,,,,,,,,,,,,,sɨs,hand
sker-,skor.tós,,,,,,,,,,,,,,,,,,,,,,,,,,,,,,,,,,,,,,,,,,,,,,,,,,,,,,,,,,,,,,,,,,,,,,,,,,,,,,,,,,,,,,,,,,,,skor.dós,skor.dos,bark,,,,,,,,,,,,,,,,,,skur.dos,,skur.doz,,skur.dor,,,,,,,,,,,,,,,,,,,,,,,,,,,,,,,,,,,,,,,,skur.dor,bark,,,,,,,,,,,,,,,,,,,,,,,,,,,,,,,,,,,,,,,,,,,,,,,,,,,,,,,,,,,,,,,,,,,,,,,skur.dor,bark,,,,,skyr.dor,,,,,,,,,,,,,,,,,,,,,,,,,,,,,,,,,,,,,,,,,,skyr.dor[ʃkyr.dor],,,,,,,,skyr.dor[ʃkyr.dor],bark,,,,,,,,,,,skyr.do˞[ʃkyr.do˞],,,,,,,,,,,,,,,,,,,,,,skyr.do[ʃkyr.do],skyr.do[ʃkyr.do],bark,,,,,skør.do[ʃkør.do],,,,,,,,,,,,,,,,,,,,,,,,,,,,skør.da[ʃkør.da],,skør.da[ʃkør.da],bark,,,,,,,,,,,,,,,,,,,,,,,,,,,,,,,,,ʃkør.da,,,ʃør.da,,,,,ʃør.da[ʃør.dɐ],,,ʃør.da[ʃør.dɐ],bark,,,,,ʃørd,,,,,,,,,,,,ʃørd,,,,,,,,,,,,,,,,,,,,,,,,,,ʃørd,bark,,,,,ʃørd[ʃʉrd],,,,,,,,,,,,,,,,,,,,,,,ʃørd[ʃɨrd],,,ʃyrd[ʃɨrd],,,,,,,,,,,,,,,,,,,,,,,,,,,,,,,,,ʃyrd[ʃɨrd],bark
,,,,,,,,,,,,,,,,,,,,,,,,,,,,,,,,,,,,,,,,,,,,,,,,,,,,,,,,,,,,,,,,,,,,,,,,,,,,,,,,,,,,,,,,,,,,,,,,,,,,,,,,,,,,,,,,,,,,,,,L^C grendjos > gren.djor,,,,,,,,,,,,,,,,,,,,,,,,,,,,,,,,,,,,,gern.djor,gern.djor,bundle of sticks,,,,,,,,,,,,,,,,,,,,,,,,,,,,,,,,,,ger.djor,,,,,,,,,,,,,,,,,,,,,,,,,,,,,,,,,,,,,ger.djor,bundle of sticks,,,,,,,,,,,,,,,,,,,,,,,,,,,,d͡zer.djor,,,,,,,,,,,,,,d͡ʒer.djor,,d͡ʒer.d͡ʒor,,,,,,,,,,,d͡ʒer.d͡ʒor,bundle of sticks,,,,,,,,,,,d͡ʒer.d͡ʒo˞,,,,,,,,,,,,,,,,,,,,,,d͡ʒer.d͡ʒo,d͡ʒer.d͡ʒo,bundle of sticks,,,,,,,d͡ʒar.d͡ʒo,,,,,,,,,,,,,,,,,,,,,,,,,,d͡ʒar.d͡ʒa,,d͡ʒar.d͡ʒa,bundle of sticks,,,,,,,,,,,,,,,,,,,,,,d͡ʒer.d͡ʒa,,,der.ʒa,,,,,,,,,,,,,,,,der.ʒa[der.ʒɐ],,,der.ʒa[der.ʒɐ],bundle of sticks,,,,,derʒ,,,,,,,,,,,,derʒ,,,,,,,,,,,dert͡ʃ,,,,dert͡ʃ[tert͡ʃ],,,,,,,,,,,dert͡ʃ[tert͡ʃ],bundle of sticks,,,,,,,,,,,,,,,,,,,,,,,,,,,,,,,,,,,,die̯rt͡ʃ[tie̯rt͡ʃ],,,,,,,,,,,,,,,,,,,,,,,,,,,,die̯rt͡ʃ[tie̯rt͡ʃ],bundle of sticks
dyew-,dey.wós,,,,,,,,,,,,,,,,,,,,,,,,,,,,,,,,,,,,,,,,,,,,,,,,,,,,,,,,,,,,,,,,,,,,,dē.wós,,,,,,,,,,,,,,,,,,,,,,,,dē.wos,god§deity,,,,,dē.vos,,,,,,,,,,,,,,,dē.voz,,dē.vor,,,,,,,,,,,,,,,,,,,,,,,,,,,,,,,,,,,,,,,,dē.vor,god§deity,,,,,,,,,,,,,,,,,,,,,,,,,,,,,,,,,,,,,,,,,,,,,,,,,,,,,,,,,,,,,,,,,,,,,,,dē.vor,god§deity,,,,,,,,,,,,,,,,,,,,,,,,,,,,,,,,,,deu̯.vor,,,,,,,,,,,,,,,,,,,,,deu̯.vor,god§deity,,,,,,,,,,,deu̯.vo˞,,,,,,,,,,,,,,,,,,,,,,deu̯.vo,deu̯.vo,god§deity,,,,,,,,,,,,,,,,,,,,,,,,,,,,,,,,,deu̯.va,,deu̯.va,god§deity,,,deu̯.vʲa,,,,,,,,,,,,,,,,,,,,,,,deu̯.ja,,,,,,,,,,,,,,,deu̯.ja[deu̯.jɐ],,,deu̯.ja[deu̯.jɐ],god§deity,,,,,deu̯j,,,,,,,,,,,,deu̯j,,,,,,,,,,,,,,,deu̯i̯[teu̯i̯],,,,,,,,,,de.wi[te.wi],de.wi[te.wi],god§deity,,,,,,,,,,,,,,,,,,,,,,,,,,,,,de.wɨ[te.wɨ],,,,,,,die̯.wɨ[tie̯.wɨ],,,,,,,,,,,,,,,,,,,,,,,,,die̯.βɨ[tie̯.βɨ],,,die̯.βɨ[tie̯.βɨ],god§deity
diHti-,diH.ti.tós,,,,,,,,,,,,,,,,,,,,,,,,,,,,,,,,,,,,,,,,dī.ti.tós,,,,,,,,,,,,,,,,,,,,,,,,,,,,,,,,,,,,,,,,,,,,,,,,,,,,dī.ti.dós,Dī.ti.dós,pagan god of time,,,Dīd.dos,,,,,,,,,,,,,,,,,Dīd.doz,,Dīd.dor,,,,,,,,,,,,,,,,,,,,,,,,,,,,,,,,,,,,,,,,Dīd.dor,pagan god of time,,,,,,,,,,,,,,,,,,,,,,,,,,,,,,,,,,,,,,,,,,,,,,,,,,,,,,,,,,,,,,,,,,,,,,,Dīd.dor,pagan god of time,,,,,,,,,,,,,,,,,,,,,,,,,,,Dī.d͡zor,,,,Di.d͡zor,,,,,,,,,,,,,,,,,,,,,,,,Di.d͡zor,pagan god of time,,,,,,,,,,,Di.d͡zo˞,,,,,,,,,,,,,,,,,,,,,,Di.d͡zo,Di.d͡zo,pagan god of time,,,,,,,,,,,,,,,,,,,,,,,,,,,,,,,,,Di.d͡za,,Di.d͡za,pagan god of time,,,,,,,,,,,,,,,,,,,,,,,,,Di.za,,,,,,,,,,,,,,,,Di.za[Di.zɐ],,,Di.za[Di.zɐ],pagan god of time,,,,,Diz,,,,,,,,,,,,Diz,,,,,,,,,,,,,,,diz[tiz],,,,,,,,,,,diz[tiz],pagan god of time,,,,,,,,,,,,,,,,,,,,,,,,,,,,,dɨz[tɨz],,,,,,,,,,,,,,,,,,,,,,,,,,,,,,,,,,,dɨz[tɨz],pagan god of time
,,,,,,,,,,,,,,,,,,,,,,,,,,,,,,,,,,,,,,,,,,,,,,,,,,,,,,,,,,,,,,,,,,,,,,,,,,,,,,,,,,,,,,,,,,,,,,,,,L^G δοῦλος > dū.los,,,,,,,,,,,,,,,,,,dū.loz,,dū.lor,,,,,,,,,,,,,,,,,,,,,,,,,,,,,,,,,,,,,,,,dū.lor,slave,,,,,,,,,,,,,,,,,,,,,,,,,,,,,,,,,,,,,,,,,,,,,,,,,,,,,,,,,,,,,,,,,,,,,,,dū.lor,slave,,,,,,,,,,,,,,,,,,,,,,,,,,,,,,du.lor,,,,,,,,,,,,,,,,,,,,,,,,,du.lor,slave,,,,,,,,,,,du.lo˞,,,,,,,,,,,,,,,,,,,,,,du.lo,du.lo,slave,,,,,,,,do.lo,,,,,,,,,,,,,,,,,,,,,,,,,do.la,,do.la,slave,,,,,,,,,,,,,,,,,,,,,,,,,,,,,,,,,,,,,,,,,do.la[do.lɐ],,,do.la[do.lɐ],slave,,,,,dol,,,,,,,,,,,,dol,,,,,,,,,,,,,,,dol[tol],,,,,,,,,,,dol[tol],slave,,,dou̯[tou̯],,,,,,,,,,,,,,,,,,,,,,,,,,,,,,,,,,,,,,,,,,,,du[tu],,,,,,,,,,,,,,,,,du[tu],slave
,,,,,,,,,,,,,,,,,,,,,,,,,,,,,,,,,,,,,,,,,,,,,,,,,,,,,,,,,,,,,,,,,,,,,,,,,,,,,,,,,,,,,,,,,,,,,,,,,,,,,,,,,,,,,,,,,,,,,,,,,,,,,,,,,,,,,,L^C tegsākos > tek.sā.kor,,,,,,,,,,,,,,,,,,,,,,,tek.sā.kor,slave labourer,,,,,,,,,,,,,,,,,,,,,,,,,,,,,,,,,,,,,,,,,,,,,,,,,,,,,,,,,,,,,,,,,,,,,,,tek.sā.kor,slave labourer,,,,,,,,,,,,,,,,,,,,,,,,,,,,,,,,tek.sau̯.kor,,,,,,,,,,,,,,,,,,,,,,,tek.sau̯.kor,slave labourer,,,,,,,,,,,tek.sau̯.ko˞,,,,,,,,,,,,,tak.sau̯.ko˞,,,,tak.sou̯.ko˞,,,,,tak.sou̯.ko,tak.sou̯.ko,slave labourer,,,,,,,,,,,,,,,,,,,,,,,,,,,,,,,,,tak.sou̯.ka,,tak.sou̯.ka,slave labourer,,,,,,,,,,,,,,,,,,,,,,,,,,,,,,,,,,,,,,,,,tak.sou̯.ka[tak.sou̯.kɐ],,,tak.sou̯.ka[tak.sou̯.kɐ],slave labourer,,,,,tak.sou̯k,,,,,,,,,,,,tak.sou̯k,,,,,,,,,,,,,,tak.sou̯k[tˢak.sou̯k],,,,,,,,,,,,tak.sou̯k[tˢak.sou̯k],slave labourer,,,,,,,,,,,,,,,,,,,,,,,,,,,,,,,,,,,,,,,,,,,,,,,tak.suk[tˢak.suk],,,,,,,tɛk.suk[tˢɛk.suk],,,,,,,,,,tɛk.suk[tˢɛk.suk],slave labourer
,táw.ros,,,,,,,,,,,,,,,,,,,,,,,,,,,,,,,,,,,,,,,,,,,,,,,,,,,,,,,,,,,,,,,,tṓ.ros,,,,,,,,,,,,,,,,,,,,,,,,,,,,,tō.ros,bull,,,,,,,,,,,,,,,,,,,,tō.roz,,tō.ror,,,,,,,,,,tū.ror,,,,,,,,,,,,,,,,,,,,,,,,,,,,,,tū.ror,bull,,,,,,,,,,,,,,,,,,,,,,,,,,,,,,,,,,,,,,,,,,,,,,,,,,,,,,,,,,,,,,,,,,,,,,,tū.ror,bull,,,,,,,,,,,,,,,,,,,,,,,,,,,,,,tu.ror,,,,,,,,,,,,,,,,,,,,,,,,,tu.ror,bull,,,,,,,,,,,tu.ro˞,,,,,,,,,,,,,,,,,,,,,,tu.ro,tu.ro,bull,,,,,,,,to.ro,,,,,,,,,,,,,,,,,,,,,,,,,to.ra,,to.ra,bull,,,,,,,,,,,,,,,,,,,,,,,,,,,,,,,,,,,,,,,,,to.ra[to.rɐ],,,to.ra[to.rɐ],bull,,,,,tor,,,,,,,,,,,,tor,,,,,,,,,,,,,,tor[tˢor],,,,,,,,,,,,tor[tˢor],bull,,,,,,,,,,,,,,,,,,,,,,,,,,,,,,,,,,,,,tue̯r[tˢue̯r],,,,,,,,,,,,,,,,,,,,,,,,,,,tue̯r[tˢue̯r],bull
dʰewh₂-,dʰuh₂.mós,,,,,,,,,,,,,,,,,,,,,,,,,,,,,,,,,,,,,,,,dʰū.mós,,,,,,,,,,,,,,tū.mós,,,,,,,,,,,,,,,,,,,,,,,,,,,,,,,,,,,,,,,tū.mos,smoke,,,,,,,,,,,,,,,,,,,,tū.moz,,tū.mor,,,,,,,,,,,,,,,,,,,,,,,,,,,,,,,,,,,,,,,,tū.mor,smoke,,,,,,,,,,,,,,,,,,,,,,,,,,,,,,,,,,,,,,,,,,,,,,,,,,,,,,,,,,,,,,,,,,,,,,,tū.mor,smoke,,,,,,,,,,,,,,,,,,,,,,,,,,,,,,tu.mor,,,,,,,,,,,,,,,,,,,,,,,,,tu.mor,smoke,,,,,,,,,,,tu.mo˞,,,,,,,,,,,,,,,,,,,,,,tu.mo,tu.mo,smoke,,,,,,,,,,,,,,,,,,,,,,,,,,,,,,,,,tu.ma,,tu.ma,smoke,,,,,,,,,,,,,,,,,,,,,,,,,,,,,,,,,,,,,,,,,tu.ma[tu.mɐ],,,tu.ma[tu.mɐ],smoke,,,,,tum,,,,,,,,,,,,tum,,,,,,,,,,,,,,tum[tˢum],,,,,,,,,,,,tum[tˢum],smoke,,,,,,,,,,,,,,,,,,,,,,,,,,,,,,,,,,,,,,,,,,,,,,,,,,,,,,,,,,,,,,,,tum[tˢum],smoke
,ǵóm.bʰos,,,góm.bʰos,,,,,,,,,,,,,,,,,,,,,,,,,,,,,,,,,,,,,,,,,,,góm.bos,,,,,,,,,,,,,,,,,,,,,,,,,,,,,,,,,,,,,,,,,,,,,,,gom.bos,peg,,,,,,,,,,,,,,,,,,gum.bos,,gum.boz,,gum.bor,,,,,,,,,,,,,,,,,,,,,,,,,,,,,,,,,,,,,,,,gum.bor,peg,,,,,,,,,,,,gū.bor[gū.βor],,,,,,,,,,,,,,,,,,,,,,,,,,,,,,,,,,,,,,,,,,,,,,,,,,,,,,,,,,,gū.bor[gū.βor],peg,,,,,,,,,,,,,,,,,,,,,,,,,gū.wor,,,,,gu.wor,,,,,,,,,,,,,,,,,,,,,,,,,gu.wor,peg,,,,,,,,,,,gu.wo˞,,,,,,,,,,,,,,,,,,,,,,gu.wo,gu.wo,peg,,,,,,,,,,,,,,,,,,,,,,,,,,,,,,,,gu.vo,gu.va,,gu.va,peg,,,gu.vʲa,,,,,,,,,,,,,,,,,,,,,,,gu.ja,,,,,,,,,,,,,,,gu.ja[gu.jɐ],,,gu.ja[gu.jɐ],peg,,,,,guj,,,,,,,,,,,,guj,,,,,,,,,,,,,,,,,gui̯[kui̯],,,,,,,,,gui̯[kui̯],peg,,,,,,,,,,,,,,,,,,,,,,,,,,,,,,,,,,,,,,,gy[ky],,,,,,,,,,,,,,,,,,,,,,,,,gy[ky],peg
,wĺ̥.kʷos,,,,,,,,,,,,,,,,,,,,,,,,,,,,,,,,,,,wə́l.kʷos,,,,wíl.kʷos,,,,,,,,,,,,,,,,,wíl.fos,,,,,,,,,,,,,,,,,,,,,,,,,,,,,,,,,,,,,wil.fos,wolf,,,,vil.fos,,,,,,,,,,,,,,,,vil.foz,,vil.for,,,,,,,,,,,,,,,,,,,,,,,,,,,,,,,,,,,,,,,,vil.for,wolf,,,,,,,,,,,,,,,,,,,,,,,,,,,,,,,,,,,,,,,,,,,,,,,,,,,,,,,,,,,,,,,,,,,,,,,vil.for,wolf,,,,,,,,,,,,,,,,,,,,,,,,,,,,,,,,,,,,,,,,,,,,,,,,,,,,,,,vil.for,wolf,,,,,,,,,,,vil.fo˞,,,,,,,,,,,,,,,,,,,,,,vil.fo,vil.fo,wolf,,,,vel.fo,,,,,,,,,,,,,,,,,,,vef.lo,,,,,,,,,,vef.la,,vef.la,wolf,,,,,,,,,,,,,,,,,,,,,,,,,,,,,,,,,,,,,,,,,vef.la[vef.lɐ],,,vef.la[vef.lɐ],wolf,,,,,vefl,,,ve.fl̩,,,,,,,,,ve.fl̩,,,,,,,,,,,,,,,,,,,ve.fl̩[ve.fəl],,,,,,,ve.fl̩[ve.fəl],wolf,,,,,,,,,,,,,,,,,,,,,,,,,ve.fl̩[ve.vəl],,,,,,,,,,,vie̯.fl̩[vie̯.vəl],,,,,,,,,,,,,,,,,,,,,,,,,,,,vie̯.fl̩[vie̯.vəl],wolf
,h₂wé.h₁n̥ts,h₂wé.h₁n̥.tos[them],,,,,,,,,,,,,,h₂kʷé.h₁n̥.tos,,,,,,,,h₂kʷḗn.tos,,,,,,,,,,,,,,,,,,,,,kʷḗn.tos,,,,,,,,,,,,fḗn.tos,,,,,,,,,,,,,,,,,,,,,,,,,,,,,,,,,,,,,fēn.tos,wind,,,,,,,,,,,,,,,,,,,,fēn.toz,,fēn.tor,,,,,,,,,,,,,,,,,,,,,,,,,,,,,,,,,,,,,,,,fēn.tor,wind,,,,,,,,,,,,,,,,fēn.dor,,,,,,,,,,,,,,,,,,,,,,,,,,,,,,,,,,,,,,,,,,,,,,,,,,,,,,,fēn.dor,wind,,,,,,,,,,,,,,,,,,,,,,,,,,,,,,,,,,feu̯n.dor,,,,,,,,,,,,,,,,,,,,,feu̯n.dor,wind,,,,,,,,veu̯n.dor,,veu̯.nu.dor[veu̯.nu.ðor],veu̯.nu.do˞[veu̯.nu.ðo˞],,,,,,,,,ve.nu.do˞[ve.nu.ðo˞],,,,,,,,,,,,,ve.nu.do[ve.nu.ðo],ve.nu.do[ve.nu.ðo],wind,,,,,,,,,,,,,,,,,,,,,,,,,,,,,,,,,ve.nu.da[ve.nu.ða],,ve.nu.da[ve.nu.ða],wind,,,,,,,,,,,,,,,,,ve.nu.za,,,,,,,,,,,,,,,,,,,,,,,,ve.nu.za[ve.nu.zɐ],,,ve.nu.za[ve.nu.zɐ],wind,,,,,ve.nuz,,,,,,,,,,,,ve.nuz,,,,,,,,,,,,,,,,,,,,,,,,,,ve.nuz,wind,,,,,,,,,,,,,,,,,,,,,,,,,,,,,,,,,,,,vie̯.nuz,,,,,,,,,,,,,,,,,,,,,,,,,,,,vie̯.nuz,wind
wed-,u.drós,,,,,,,,,,,,,,,,,,,,,,,,,,,,,,,,,,,,,,,,,,,,,,,,,,,,,,,,,,,,,,,,,,,,,,,,,,,,,,,,,,,,,,,,,,,,,u.dros,otter,,,,,,,,,,,,,,,,,,,,u.droz,,u.dror,,,,,,,,,,,,,,,,,,,,,,,,,,,,,,,,,,,,,,,,u.dror,otter,,,,,,,,,,,,,,,,,,,,,,,,,,,,,,,,,,,,,,,,,,,,,,,,,,,,,,,,,,,,,,,,,,,,,,,u.dror,otter,,,,,y.dror,,,,,,,,,,,,,,,,,,,,,,,,,,,,,,,,,,,,,,,,,,,,,,,,,,y.dror,otter,,,,,,,,,,,y.dro˞,,,,,,,,,,,,,,,,,,,,,,y.dro,y.dro,otter,,,,,,,,,,,,,,,,,,,,,,,,,,,,,,,,,y.dra,,y.dra,otter,,,,,,,,,,,,,,,,,,,,,,,,,,,,,,,,,,,,,,,,,y.dra[y.drɐ],,,y.dra[y.drɐ],otter,,,,,ydr,,,y.dr̩,,,,,,,,,y.dr̩,,,,,,,,,,,,,,,,,,,y.dr̩[y.dər],,,,,,,y.dr̩[y.dər],otter,,,,,,,,,,,,,,,,,,,,,,,,,,,,,,i.dr̩[i.dər],,,,,,,,,,,,,,,,,,,,,ei̯.dr̩[ei̯.dər],,,,,,,,,,,,,ei̯.dr̩[ei̯.dər],otter
kʷel-,kʷé.kʷlos,,,,,,,,,,,,,,,,,,,,,,,,,,,,,,,,,,,,,,,,,,,,,,,,,,,,,,,,fé.flos,,,,,,,,,,,,,,,,,,,,,,,,,,,,,,,,,,,,,fe.flos,wheel,,,,,,,,,,,,,,,,,fi.flos,,,fi.floz,,fi.flor,,,,,,,,,,,,,,,,,,,,,,,,,,,,,,,,,,,,,,,,fi.flor,wheel,,,,,,,,,,,,,,,,,,,,,,,,,,,,,,,,,,,,,,,,,,,,,,,,,,,,,,,,,,,,,,,,,,,,,,,fi.flor,wheel,,,,,,,,,,,,,,,,,,,,,,,,,,,,,,,,,,,,,,,,,,,,,,,,,,,,,,,fi.flor,wheel,,,,,,,,,,,fi.flo˞,,,,,,,,,,,,,,,,,,,,,,fi.flo,fi.flo,wheel,,,,,,,,,,,,,,,,,,,,,,,,,,,,,,,,,fi.fla,,fi.fla,wheel,,,,,,,,,,,,,,,,,,,,,,,,,,,,,,,,,,,,,,,,,fi.fla[fi.flɐ],,,fi.fla[fi.flɐ],wheel,,,,,fifl,,,fi.fl̩,,,,,,,,,fi.fl̩,,,,,,,,,,,,,,,,,,,fi.fl̩[fi.fəl],,,,,,,fi.fl̩[fi.fəl],wheel,,,,,,,,,,,,,,,,,,,,,,,,,fi.fl̩[fi.vəl],,,,fɨ.fl̩[fɨ.vəl],,,,,,,,,,,,,,,,,,,,,,,,,,,,,,,,,,,fɨ.fl̩[fɨ.vəl],wheel
,,,,,,,,,,,,,,,,,,,,,,,,,,,,,,,,,,,,,,,,,,,,,,,,,,,,,,,,,,,,,,,,,,,,,,,,,,,,,,,,,,,,,,,,,,,,,,,,,,,,,,,,,,,,,,,,,,,,,,,,,,,,,,,,,,,,,,,,,,,,,,,,,,,,,,,,,,,,,,,,,,,,,,,,,,,,,,,,,,,L^L Invictus > Im.vik.tor,,,,,,,,,,,,,,,,,,,,,,,,,,,,,,,,,,,,,,,,,,,,,,,,,,Im.vik.tor,Christmas,,,,,,,,,,,,,,,,,,,,,,,,,,,,,,,,,,,,,,,,,,,,,,,,,,,,,,,Im.vik.tor,Christmas,,,,,,,,,,,Im.vik.to˞,,,,,,,,,,,Im.vek.to˞,,,,,,,,,,,Im.vek.to,Im.vek.to,Christmas,,,,,,,,,,,,,,,,,,,,,,,,,,,,,,,,,Im.vek.ta,,Im.vek.ta,Christmas,,,,,,,,,,,,,,,,,,,,,,,,,,,,,,,,,,,,,,,,,Im.vek.ta[Im.vek.tɐ],,,Im.vek.ta[Im.vek.tɐ],Christmas,,,,,Im.vekt,,,,,,,,,,,,Im.vekt,,,,,,,,,,,,,,,,,,,,,,,,,,im.vekt,Christmas,,,,,,,,,,,,,,,,im.vekt[im.vext],,,,,,,,,,,,,ɨm.vekt[ɨm.vext],,,,,,,,,,,ɨm.vekt[ɨm.veçt],,,,,,,,,,,,,,,,,,,,,,,,ɨm.vekt[ɨm.veçt],Christmas
h₂enh₁-,h₂é.nh₁.mos,,,,,,,,,,,,,,,,,,,,,á.nh₁.mos,,,,,,,,,,,,,,,,,,,,á.ne.mos,,,,,,,,,,,,,,,,,,,,,,,,,,,,,,,,,,,,,,,,,,,,,,,,,,,,a.ne.mos,breath,,,,,,,,,,,,,,,,,,,,a.ne.moz,,a.ne.mor,,,,,,,,,,,,,,,,,,,,,,,,,,,,,,,,,,,,,,,,a.ne.mor,breath,,,,,,,,,,,,,,,,,,,,,,,,,,,æ.ne.mor,,,,,,,,,,,,,,,,,,,,,,,,,,,,,,,,,,,,,,,,,,,,æ.ne.mor,breath,,,,,,,,,,,,,,,,,,,,,,,,,,,,,,,,,,,,,,,,,,,,,,,,,,,,,e.ne.mor,,e.ne.mor,breath,,,,,,,,,,,e.ne.mo˞,,,,,e.ɲe.mo˞,,,,,,,,,,,,,,,,,e.ɲe.mo,e.ɲe.mo,breath,,,,,,,,,,,,,,,,,,,,,,,,,,,,,,,,,e.ɲe.ma,,e.ɲe.ma,breath,,,,,,,,,,,,,,,,,,,,,,,,,,,,,,,,,,,,,,,,,e.ɲe.ma[e.ɲe.mɐ],,,e.ɲe.ma[e.ɲe.mɐ],breath,,,,,e.ɲem,,,,,,,,,,,,e.ɲem,,,,,,,,,,,,,,,,,,,,,,,,,,e.ɲem,breath,,,,,,,,,,,,,,,,,,,,,,,,,,,,,,,,,,,,ie̯.ɲem,,,,,,,,,,,,,,,,,,,,,,,,,,,,ie̯.ɲem,breath
,,dyéw.gʷl̥.h₂e.nos,,,,,,,,,,,,,,,,,,,,djéw.gʷla.nos,,,,,,,,,,,,,,,,,,,,,,,,,,,,,,,,,,,,djéw.bla.nos,,,,,,,,,,,,,,djȳ́.bla.nos,,,,,,,,,zȳ́.bla.nos,,,,,,,,,,,,,zȳ.bla.nos,walnut,,,,,,,,,,,,,,,,,,,,zȳ.bla.noz,,rȳ.bla.nor,,,,,,,,,,,,,,,,,,,,,,,,,,,,,,,,,,,,,,,rȳ.bal.nor,rȳ.bal.nor,walnut,,,,,,,rȳ.bal.nor[rȳ.βal.nor],,,,,,,,,,,,,,,,,,,,,,,,,,,,,,,,,,,,,,,,,,,,,,,,,,,,,,,,,,,,,,,,rȳ.bal.nor[rȳ.βal.nor],walnut,,,,,,,,,,,,,,,,,,,,,,,,,rȳ.wal.nor,,,,,,,,,,,,ryi̯.wal.nor,,,,,,,,,,,,,,rui̯.wal.nor,,,,rui̯.wal.nor,walnut,,,,,,,,,,,rui̯.wal.no˞,,,,,,,,,,,,,,,,,,,,,,rui̯.wal.no,rui̯.wal.no,walnut,,,,,,,rui̯.wel.no,,,,,,,,,,,,,,,,,,,,,,,,,rui̯.vel.no,rui̯.vel.na,,rui̯.vel.na,walnut,,,,,,,,,,,,,,,,,,,,,,,,,,,rui̯.ven.na,,,,,,,,,,,,,,rui̯.ven.na[rui̯.ven.nɐ],,,rui̯.ven.na[rui̯.ven.nɐ],walnut,,,,,rui̯.venn,,,,,,,,,,,,rui̯.venn,,,rui̯.vent,,,,,,,,,,,,,,,,,,,,,,,rui̯.vent,walnut,,,,,,,,,,,,,,,,,,,,,,,,,,,,,,,,,,,,,,,ry.vent,,,,,,,,,,,,,,,,,,,,,,,ry.ven,,ry.ven,walnut
,,,,,,,,,,,,,,,,,,,,,,,,,,,,,,,,,,,,,,,,,,,,,,,,,,,,,,,,,,,,,,,,,,,,,,,,,,,,,,,,,,,,,,,,,,,,,,,,,,,,,,,,,,,,,,,,,,,,,,,L^L Caristii > Ka.ris.tjor,,,,,,,,,,,,,,,,,,,,,,,,,,,,,,,,,,,,,,Ka.ris.tjor,Carisitt,,,,,,,,,,,,,,,,,,,,,,,,,,,Kæ.ris.tjor,,,,,,,,,,,,,,,,,,,,,,,,,,,,,,,,,,,,,,,,,,,,Kæ.ris.tjor,Carisitt,,,,,,,,,,,,,,,,,,,,,,,,,,,,,,,,,,,,,,,,,,,,,,Kæ.ris.tjor[Kæ.riʃ.tjor],,,,,,,Ke.ris.tjor[Ke.riʃ.tjor],,Ke.ris.tjor[Ke.riʃ.tjor],Carisitt,,,,,,,,,,,Ke.ris.tjo˞[Ke.riʃ.tjo˞],,,,,,,,,,,,,,,,,,,,,,Ke.ris.tjo[Ke.riʃ.tjo],Ke.ris.tjo[Ke.riʃ.tjo],Carisitt,,,Ke.ri.si.tjo,,,,Ka.ri.si.tjo,,,,,,,Ka.ri.sit.to,,,,,,,,,,,,,,,,,,,Ka.ri.sit.ta,,Ka.ri.sit.ta,Carisitt,,,,,,,,,,,,,,,,,,,,,,,,,,,,,,,,,,,,,,,,,Ka.ri.sit.ta[Ka.ri.sit.tɐ],,,Ka.ri.sit.ta[Ka.ri.sit.tɐ],Carisitt,,,,,Ka.ri.sitt,,,,,,,,,,,,Ka.ri.sitt,,,,,,,,,,,,,,,,ka.ri.sitt[kˣa.ri.sitt],,,,,,,ka.ri.siht[kˣa.ri.siht],,,ka.ri.siht[kˣa.ri.siht],Carisitt,,,,,,,,ka.ri.sɨht[kˣa.ri.sɨht],,,ka.ri.sɨt[kˣa.ri.sɨt],,,,,,,,,,,,,ka.ri.sɨt[kˣa.ri.zɨt],,,,,ka.rɨ.sɨt[kˣa.rɨ.zɨt],,,,,,,,,,,,,,,,,,,,,,,,,kɛ.rɨ.sɨt[kˣɛ.rɨ.zɨt],,,,,,,,,,kɛ.rɨ.sɨt[kˣɛ.rɨ.zɨt],Carisitt
,,,,,,,,,,,,,,,,,,,,,,,,,,,,,,,,,,,,,,,,,,,,,,,,,,,,,,,,,,,,,,,,,,,,,,,,,,,,,,,,,,,,,,,,,,,,,,,,,,,,,,,,,,,,,,,,,,,,,,,,,,,,,,,,,,,,,,,,,,,,,,,,,,,,,,,,,,,,,,,,,,,,,,,,,,,,,,,,,,,,,,,,,,,,,,,,,,,,,,,,,,,,,,,,,,,,,,,,,,,,,,,,,,,,,,,,,,,,,,,,,,,,,,,,,,,,,,,,,,,,,,,,,,,,,,,,,,,,,,,,,,,,,,,,,,,,,,,,,,,,,,,,,,,,,,,,,,,,,,,,,,,,,,,,,,,,,,,,,,,,,,,,,,,,,,,,,,,,,,,,,,,,,,,,,,,,,,,,,,,,,,,,,,,,,,,,,,,,,,,,,,,,,,,,,,,,,,,,,,,fi.tron,,,,,,,L^Spanish citrón > fi.tron,,,,,,,,,,,,,,,,,,,fi.tron,lemon,,,,,,,,,,,,,,,,,,,,,,,,,,,,,fɨ.tron,,,,,,,,,,,,,,,,,,,,,,,,,,,,,,,,,,,fɨ.tron,lemon
h₂eydʰ-,h₂éy.dʰos,pro.h₂éy.dʰos,,,,,,,,,,,,,,,,,,,,pro.áj.dʰos,,,,,,,,,,,,,,,,,,,,,,,,,,,,,,,,,pro.áj.tos,,,,,,,,,,,,,pro.ḗ.tos,,,,,,,,,,,,,,,,,,,,,,pro.wḗ.tos,,,,pro.wē.tos,spring (season),,,pro.we.tos,,pro.ve.tos,,,,,,,,,prou̯.tos,,,,,,prou̯.toz,,prou̯.tor,,,,,,,,,,,,,,,,,,,,,,,,,,,,,,,,,,,,,,,pou̯r.tor,pou̯r.tor,spring (season),,,,pūr.tor,,,,,,,,,,,,,,,,,,,,,,,,,,,,,,,,,,,,,,,,,,,,,,,,,,,,,,,,,,,,,,,,,,,pūr.tor,spring (season),,,,,,,,,,,,,,,,,,,,,,,,,,,,,,pur.tor,,,,,,,,,,,,,,,,,,,,,,,,,pur.tor,spring (season),,,,,,,,,,,pur.to˞,,fur.to˞,,,,,,,,,,,,,,,,,,,,fur.to,fur.to,spring (season),,,,,,,,for.to,,,,,,,,,,,,,,,,,,,,,,,,,for.ta,,for.ta,spring (season),,,,,,,,,,,,,,,,,,,,,,,,,,,,,,,,,,,,,,,,,for.ta[for.tɐ],,,for.ta[for.tɐ],spring (season),,,,,fort,,,,,,,,,,,,fort,,,,,,,,,,,,,,,,,,,,,,,,,,fort,spring (season),,,,,,,,,,,,,,,,,,,,,,,,,,,,,,,,,,,,,fue̯rt,,,,,,,,,,,,,,,,,,,,,,,,,,,fue̯rt,spring (season)
ḱley-,ḱley.wós,,klej.wós,,,,,,,,,,,,,,,,,,,,,,,,,,,,,,,,,,,,,,,,,,,,,,,,,,,,,,,,,,,,,,,,,,,klē.wós,,,,,,,,,,,,,,,,,,,,,,,,klē.wos,slope,,,,,klē.vos,,,,,,,,,,,,,,,klē.voz,,klē.vor,,,,,,,,,,,,,,,,,,,,,,,,,,,,,,,,,,,,,,,kēl.vor,kēl.vor,slope,,,,,,,,,,,,,,,,,,,,,,,,,,,,,,,,,,,,,,,,,,,,,,,,,,,,,,,,,,,,,,,,,,,,,,,kēl.vor,slope,,,,,,,,,,,,,,,,,,,,,,,,,,,,,,,,,,keu̯l.vor,,,,,,,,,,,,,,,,,,,,,keu̯l.vor,slope,,,,,,,,geu̯l.vor,,geu̯.lu.vor,geu̯.lu.vo˞,,,,,,,,,ge.lu.vo˞,,,,,,,,,,,,,ge.lu.vo,ge.lu.vo,slope,,,,,,,ga.lu.vo,,,,,,,,,,,,,,,,,,,,,,,,,,ga.lu.va,,ga.lu.va,slope,,,ga.lu.vʲa,,,,,,,,,,,,,,,,,,,,,,,ga.lu.ja,,,,,,,,,,,,,,,ga.lu.ja[ga.lu.jɐ],,,ga.lu.ja[ga.lu.jɐ],slope,,,,,ga.luj,,,,,,,,,,,,ga.luj,,,,,,,,,,,,,,,,,ga.lui̯[ka.lui̯],,,,,,,,,ga.lui̯[ka.lui̯],slope,,,,,,,,,,,,,,,,,,,,,,,,,,,,,,,,,,,,,,,,,,,,,,,,,,,,,,gɛ.lui̯[kɛ.lui̯],,,,,,,,,,gɛ.lui̯[kɛ.lui̯],slope
,bʰeh₂.ǵós,,,bʰeh₂.gós,,,,,,,,,,,,,,,,,,,,,bʰā.gós,,,,,,,,,,,,,,,,,,,,,,,,,,,,,pā.gós,,,,,,,,,,,,,,,,,,,,,,,,,,,,,,,,,,,,,,,,pā.gos,beech,,,,,,,,,,,,,,,,,,,,pā.goz,,pā.gor,,,,,,,,,,,,,,,,,,,,,,,,,,,,,,,,,,,,,,,,pā.gor,beech,,,,,,,,pā.gor[pā.ɣor],,,,,,,,,,,,,,,,,,,,,,,,,,,,,,,,,,,,,,,,,,,,,,,,,,,,,,,,,,,,,,,pā.gor[pā.ɣor],beech,,,,,,,,,,,,,,,,,,,,,,,,,,,,,,,,pau̯.gor[pau̯.ɣor],,,,,,,,,,,,,,,,,,,,,,,pau̯.gor[pau̯.ɣor],beech,,,,,,,,bau̯.gor[bau̯.ɣor],,,bau̯.go˞[bau̯.ɣo˞],,,,,,,,,,,,,,,,,bou̯.go˞[bou̯.ɣo˞],,,,,bou̯.go[bou̯.ɣo],bou̯.go[bou̯.ɣo],beech,,,,,,,,,,,,,,,,,,,,,,,,,,,,,,,,,bou̯.ga[bou̯.ɣa],,bou̯.ga[bou̯.ɣa],beech,,,,,,,,,,,,,,,,,,bou̯.ja,,,,,,,,,,,,,,,,,,,,,,,bou̯.ja[bou̯.jɐ],,,bou̯.ja[bou̯.jɐ],beech,,,,,bou̯j,,,,,,,,,,,,bou̯j,,,,,,,,,,,,,bou̯i̯[pou̯i̯],,,,,,,,,,,,bo.wi[po.wi],bo.wi[po.wi],beech,,,,,,,,,,,,,,,,,,,,,,,,,,,,,bo.wɨ[po.wɨ],,,,,,,,bue̯.wɨ[pue̯.wɨ],,,,,,,,,,,,,,,,,,,,,,,,bue̯.βɨ[pue̯.βɨ],,,bue̯.βɨ[pue̯.βɨ],beech
gʷewbʰ-,gʷéw.bʰos,,,,,,,,,,,,,,,,,,,,,,,,,,,,,,,,,,,,,,,,,,,,,,,,,,,,,gʷéw.pos,,,,béw.pos,,,,,,,,,,,,,,bȳ́.pos,,,,,,,,,,,,,,,,,,,,,,bȳ.pos,toad,,,,,,,,,,,,,,,,,,,,bȳ.poz,,bȳ.por,,,,,,,,,,,,,,,,,,,,,,,,,,,,,,,,,,,,,,,,bȳ.por,toad,,,,,,,,,,,,,,,,,,,,,,,,,,,,,,,,,,,,,,,,,,,,,,,,,,,,,,,,,,,,,,,,,,,,,,,bȳ.por,toad,,,,,,,,,,,,,,,,,,,,,,,,,,,,,,,,,,,,,byi̯.por,,,,,,,,,,,,,,bui̯.por,,,,bui̯.por,toad,,,,,,,,,,,bui̯.po˞,,,,,,,,,,,,,,,,,,,,,,bui̯.po,bui̯.po,toad,,,,,,,,,,,,,,,,,,,,,,,,,,,,,,,,,bui̯.pa,,bui̯.pa,toad,,,,,,,,,,,,,,,,,,,,,,,,,,,,,,,,,,,,,,,,,bui̯.pa[bui̯.pɐ],,,bui̯.pa[bui̯.pɐ],toad,,,,,bui̯p,,,,,,,,,,,,bui̯p,,,,,,,,,,,,,bui̯p[pui̯p],,,,,,,,,,,,,bui̯p[pui̯p],toad,,,,,,,,,,,,,,,,,,,,,,,,,,,,,,,,,,,,,,,byp[pyp],,,,,,,,,,,,,,,,,,,,,,,,,byp[pyp],toad
,,gʷéw.bʰo.steh₂.los,,,,,,,,,,,,,,,,,,,,,,,gʷéw.bʰo.stā.los,,,,,,,,,,,,,,,,,,,,,,,,,,,,,gʷéw.po.stā.los,,,,béw.po.stā.los,,,,,,,,,,,,,,bȳ́.po.stā.los,,,,,,,,,,,,,,,,,,,,,,bȳ.po.stā.los,mushroom,,,bȳ.po.sta.los,,,,,,,,,,,,,,,,,bȳ.po.sta.loz,,bȳ.po.sta.lor,,,,,,,,,,,,,,,,,,,,,,,,,,,,,,,,,,,,,,,,bȳ.po.sta.lor,mushroom,,,,,,,,,,,,,,,,,,,,,,,,,,,,,,,,,,,,,,,,,,,,,,,,,,,,,,,,,,,,,,,,,,,,,,,bȳ.po.sta.lor,mushroom,,,,,,bȳ.po.t͡sa.lor,,,,,,,,,,,,,,,,,,,,,,,,,,,,,,,byi̯.po.t͡sa.lor,,,,byi̯.po.t͡ʃa.lor,,,,,,,,,,bui̯.po.t͡ʃa.lor,,,,bui̯.po.t͡ʃa.lor,mushroom,,,,,,,,,,,bui̯.po.t͡ʃa.lo˞,,,,,,,,,,,,,,,,,,,,,,bui̯.po.t͡ʃa.lo,bui̯.po.t͡ʃa.lo,mushroom,,,,,,bui̯.po.t͡ʃo.lo,,,,,,,,,,,,,,,,,,,,,,,,,,,bui̯.po.t͡ʃo.la,,bui̯.po.t͡ʃo.la,mushroom,,,,,,,,,,,,,,,,,,,,,,,,,bui̯.po.ʃo.la,,,,,,,,,,,,,,,,bui̯.po.ʃo.la[bui̯.po.ʃo.lɐ],,,bui̯.po.ʃo.la[bui̯.po.ʃo.lɐ],mushroom,,,,,bui̯.po.ʃol,,,,,,,,,,,,bui̯.po.ʃol,,,,,,,,,,,,,bui̯.po.ʃol[pui̯.po.ʃol],,,,,,,,,,,,,bui̯.po.ʃol[pui̯.po.ʃol],mushroom,,,bui̯.po.ʃou̯[pui̯.po.ʃou̯],,,,,,,,,,,,,,,,,,,,,,,,,,,,,,,,,,,,by.po.ʃou̯[py.po.ʃou̯],,,,,,,,by.po.ʃu[py.po.ʃu],,by.pɔ.ʃu[py.pɔ.ʃu],,,,,,by.pa.ʃu[py.pa.ʃu],,,,,,,,,by.pa.ʃu[py.pa.ʃu],mushroom
ḱerh₂-,ḱr̥.h₂ń̥tlos,,kr̥.h₂ń̥tlos,,,,,,,,,,,,,,,,,,,,,,,,,,,,krán.tlos,,,,,,,,,,,,,,,,,,,,,,,,,,,,,,,,,,,,,,,,,,,,,,,,,,,,,,,,,,,,,,,kran.tlos,penis,,,,,,,,,,,,,,,,,,,,kran.tloz,,kran.tlor,,,,,,,,,,,,,,,,,,,,,,,,,,,,,,,,,,,,,,,karn.tlor,karn.tlor,penis,,,,,,,,,,,,,,,,,,,,,,,,,,,,,,,,,,,kar.tlor,,,,,,,,,,,,,,,,,,,,,,,,,,,,,,,,,,,,kar.tlor,penis,,,,,,,,,,,,,,,,,,,,,,,,,,,,,,,,,,,,,,,,,,,,,,,,,,,,,,,kar.tlor,penis,,,,,,,,,,,kar.tlo˞,,,,,,,,,,,,,,,,,,,,,,kar.tlo,kar.tlo,penis,,,,,,kor.tlo,,,,,,,,,,,,,,,,,,,,,,,,,,,kor.tla,,kor.tla,penis,,,,,,,,,,,,,,,,,,,,,,,,,,,,,,,,,,,,,,,,,kor.tla[kor.tlɐ],,,kor.tla[kor.tlɐ],penis,,,,,kortl,,,kor.tl̩,,,,,,,,,kor.tl̩,,,,,,,,,,,,,,,,kor.tl̩[kˣor.tl̩],,,kor.tl̩[kˣor.təl],,,,,,,kor.tl̩[kˣor.təl],penis,,,,,,,,,,,,,,,,,,,,,,,,,,,,,,,,,,,,,kue̯r.tl̩[kˣue̯r.təl],,,,,,,,,,,,,,,,,,,,,,,,,,,kue̯r.tl̩[kˣue̯r.təl],penis
reh₁d-,rh₁d.tós,,,,,,,,,,,,,,,,,,rh₁t.tós,,,,,,,,,,,,,,,,,,,,,,,ret.tós,,,,,,,,,,,,,,,,,,,,,,,,,,,,,,,,,,,,,,,,,,,,,,,,,,,red.dós,red.dos,rat,,,,,,,,,,,,,,,,,rid.dos,,,rid.doz,,rid.dor,,,,,,,,,,,,,,,,,,,,,,,,,,,,,,,,,,,,,,,,rid.dor,rat,,,,,,,,,,,,,,,,,,,,,,,,,,,,,,,,,,,,,,,,,,,,,,,,,,,,,,,,,,,,,,,,,,,,,,,rid.dor,rat,,,,,,,,,,,,,,,,,,,,,,,,,,,ri.d͡zor,,,,,,,,,,,,,,,,,,,,,,,,,,,,ri.d͡zor,rat,,,,,,,,,,,ri.d͡zo˞,,,,,,,,,,,,,,,,,,,,,,ri.d͡zo,ri.d͡zo,rat,,,,,,,,,,,,,,,,,,,,,,,,,,,,,,,,,ri.d͡za,,ri.d͡za,rat,,,,,,,,,,,,,,,,,,,,,,,,,ri.za,,,,,,,,,,,,,,,,ri.za[ri.zɐ],,,ri.za[ri.zɐ],rat,,,,,riz,,,,,,,,,,,,riz,,,,,,,,,,,,,,,,,,,,,,,,,,riz,rat,,,,,,,,,,,,,,,,,,,,,,,,,,,,,rɨz,,,,,,,,,,,,,,,,,,,,,,,,,,,,,,,,,,,rɨz,rat
stebʰ-,stó.bʰos,,,,,,,,,,,,,,,,,,,,,,,,,,,,,,,,,,,,,,,,,,,,,,,,,,,,,stó.pos,,,,,,,,,,,,,,,,,,,,,,,,,,,,,,,,,,,,,,,,sto.pos,staff§stick,,,,,,,,,,,,,,,,,,stu.pos,,stu.poz,,stu.por,,,,,,,,,,,,,,,,,,,,,,,,,,,,,,,,,,,,,,,,stu.por,staff§stick,,,,,,,,,,,,,,,,,,,,,,,,,,,,,,,,,,,,,,,,,,,,,,,,,,,,,,,,,,,,,,,,,,,,,,,stu.por,staff§stick,,,,,sty.por,t͡sy.por,,,,,,,,,,,,,,,,,,,,,,,,,,,,,,,,,,,t͡ʃy.por,,,,,,,,,,,,,,t͡ʃy.por,staff§stick,,,,,,,,,,,t͡ʃy.po˞,,,,,,,,,,,,,,,,,,,,,,t͡ʃy.po,t͡ʃy.po,staff§stick,,,,,,,,,,,,,,,,,,,,,,,,,,,,,,,,,t͡ʃy.pa,,t͡ʃy.pa,staff§stick,,,,,,,,,,,,,,,,,,,,,,,,,ty.pa,,,,,,,,,,,,,,,,ty.pa[ty.pɐ],,,ty.pa[ty.pɐ],staff§stick,,,,,typ,,,,,,,,,,,,typ,,,,,,,,,,,,,,typ[tˢyp],,,,,,,,,,,,typ[tˢyp],staff§stick,,,,,,,,,,,,,,,,,,,,,,,,,,,,,,tip[tˢip],,,,,,,,,,,,,,,,,,,,,tei̯p[tˢei̯p],,,,,,,,,,,,,tei̯p[tˢei̯p],staff§stick
,,,,,,,,,,,,,,,,,,,,,,,,,,,,,,,,,,,,,,,,,,,,,,,,,,,,,,,,,,,,,,,,,,,,,,,,,,,,,,,,,,,,,,,,,,,,,,,,,,,,,,,,,,,,,,,,,,,,,,,,,,,,,,,,,,,,,,,,,,,,,,,,,,,,,,,,,,,,,,,,,,,,,,,,,,,,,,,,,,,,,,,,,,,,,,,,,,,,,,,,,,,,,,,,,,,,,,,,,,,,,,,,,,,,,,,,,,,,,,,,,,,,,,,,,,,,,,,,,,,,,,,,,,,,,,,,,,,,,,,,,,,,,,,,L^L iānuārius > Ja.nu.war.jor,,,,,,,,,Ja.nu.war.jo˞,,,,,,,,,,,,,,,,,,,,,,Ja.nu.war.jo,Ja.nu.war.jo,January,,,,,,Ja.nu.wor.jo,,,,,,,,,,,,,,,,,,,,,,,,,,Ja.nu.vor.jo,Ja.nu.vor.ja,,Ja.nu.vor.ja,January,,,,,,,,E.nu.vor.ja,,,,,,,,,,,,,,,,,,,,,,,,,,,,,,,,,E.nu.vor.ja[E.nu.vor.jɐ],,,E.nu.vor.ja[E.nu.vor.jɐ],January,,,,,E.nu.vorj,,,,,,,,,,,,E.nu.vorj,,,,,,,,,,,,,,,,,,,,e.nu.vo.ri,,,,,,e.nu.vo.ri,January,,,,,,,,,,,,,,,,,,,,,,,,,,,,,e.nu.vo.rɨ,,,,,,,ie̯.nu.vo.rɨ,,,,,,,,,,,,,ie̯.nu.vɔ.rɨ,,,,,,ie̯.nu.va.rɨ,,,,,,,,,ie̯.nu.va.rɨ,January
,,,,,,,,,,,,,,,,,,,,,,,,,,,,,,,,,,,,,,,,,,,,,,,,,,,,,,,,,,,,,,,,,,,,,,,,,,,,,,,,,,,,,,,,,,,,,,,,,,,,,,,,,,,,,,,,,,,,,,,,,,,,,,,,,,,,,,,,,,,,,,,,,,,,,,,,,,,,,,,,,,,,,,,,,,,,,,,,,,,,,,,,,,,,,,,,,,,,,,,,,,,,,,,,,,,,,,,,,,,,,,,,,,,,,,,,,,,,,,,,,,,,,,,,,,,,,,,,,,,,,,,,,,,,,,,,,,,,,,,,,,,,,,,,L^L februārius > Fe.bru.war.jor,,,,,,,,,Fe.bru.war.jo˞,,,,,,,,,,,,,,,,,,,,,,Fe.bru.war.jo,Fe.bru.war.jo,February,,,,,,Fe.bru.wor.jo,,,,,,,,,,,,,,,,,,,,,,,,,,Fe.bru.vor.jo,Fe.bru.vor.ja,,Fe.bru.vor.ja,February,,,,,,,,,,,,,,,,,,,,,,,,,,,,,,,,,,,,,,,,,Fe.bru.vor.ja[Fe.bru.vor.jɐ],,,Fe.bru.vor.ja[Fe.bru.vor.jɐ],February,,,,,Fe.bru.vorj,,,,,,,,,,,,Fe.bru.vorj,,,,,,,,,,,,,,,,,,,,fe.bru.vo.ri,,,,,,fe.bru.vo.ri,February,,,,,,,,,,,,,,,,,,,,,,,,,,,,,fe.bru.vo.rɨ,,,,,,,fie̯.bru.vo.rɨ,,,,,,,,,,,,,fie̯.bru.vɔ.rɨ,,,,,,fie̯.bru.va.rɨ,,,,,,,,,fie̯.bru.va.rɨ,February
,,,,,,,,,,,,,,,,,,,,,,,,,,,,,,,,,,,,,,,,,,,,,,,,,,,,,,,,,,,,,,,,,,,,,,,,,,,,,,,,,,,,,,,,,,,,,,,,,,,,,,,,,,,,,,,,,,,,,,,,,,,,,,,,,,,,,,,,,,,,,,,,,,,,,,,,,,,,,,,,,,,,,,,,,,,,,,,,,,,,,,,,,,,,,,,,,,,,,,,,,,,,,,,,,,,,,,,,,,,,,,,,,,,,,,,,,,,,,,,,,,,,,,,,,,,,,,,,,,,,,,,,,,,,,,,,,,,,,,,,,,,,,,,,L^L mārtius > Mar.t͡ʃor,,,,,,,,,Mar.t͡ʃo˞,,,,,,,,,,,,,,,,,,,,,,Mar.t͡ʃo,Mar.t͡ʃo,March,,,,,,Mor.t͡ʃo,,,,,,,,,,,,,,,,,,,,,,,,,,,Mor.t͡ʃa,,Mor.t͡ʃa,March,,,,,,,,,,,,,,,,,,,,,,,,,Mor.ʃa,,,,,,,,,,,,,,,,Mor.ʃa[Mor.ʃɐ],,,Mor.ʃa[Mor.ʃɐ],March,,,,,Morʃ,,,,,,,,,,,,Morʃ,,,,,,,,,,,,,,,,,,,,,,,,,,morʃ,March,,,,,,,,,,,,,,,,,,,,,,,,,,,,,,,,,,,,,mue̯rʃ,,,,,,,,,,,,,,,,,,,,,,,,,,,mue̯rʃ,March
,,,,,,,,,,,,,,,,,,,,,,,,,,,,,,,,,,,,,,,,,,,,,,,,,,,,,,,,,,,,,,,,,,,,,,,,,,,,,,,,,,,,,,,,,,,,,,,,,,,,,,,,,,,,,,,,,,,,,,,,,,,,,,,,,,,,,,,,,,,,,,,,,,,,,,,,,,,,,,,,,,,,,,,,,,,,,,,,,,,,,,,,,,,,,,,,,,,,,,,,,,,,,,,,,,,,,,,,,,,,,,,,,,,,,,,,,,,,,,,,,,,,,,,,,,,,,,,,,,,,,,,,,,,,,,,,,,,,,,,,,,,,,,,,L^L māius > Ma.jor[Ma.ʒor],,Ma.zor,,,,,,,Ma.zo˞,,,,,,,,,,,,,,,,,,,,,,Ma.zo,Ma.zo,May,,,,,,,,,,,,,,,,,,,,,,,,,,,,,,,,,Ma.za,,Ma.za,May,,,,,,,,,,,,,,,,,,,,,,,,,,,,,,,,,,,,,,,,,Ma.za[Ma.zɐ],,,Ma.za[Ma.zɐ],May,,,,,Maz,,,,,,,,,,,,Maz,,,,,,,,,,,,,,,,,,,,,,,,,,maz,May,,,,,,,,,,,,,,,,,,,,,,,,,,,,,,,,,,,,,,,,,,,,,,,,,,,,,,mɛz,,,,,,,,,,mɛz,May
,,,,,,,,,,,,,,,,,,,,,,,,,,,,,,,,,,,,,,,,,,,,,,,,,,,,,,,,,,,,,,,,,,,,,,,,,,,,,,,,,,,,,,,,,,,,,,,,,,,,,,,,,,,,,,,,,,,,,,,,,,,,,,,,,,,,,,,,,,,,,,,,,,,,,,,,,,,,,,,,,,,,,,,,,,,,,,,,,,,,,,,,,,,,,,,,,,,,,,,,,,,,,,,,,,,,,,,,,,,,,,,,,,,,,,,,,,,,,,,,,,,,,,,,,,,,,,,,,,,,,,,,,,,,,,,,,,,,,,,,,,,,,,,,L^L iūnius > Jun.jor,,,,,,,,,Jun.jo˞,,,,,,,,,,,,,,,,,,,,,,Jun.jo,Jun.jo,June,,,,,,,,,,,,,,,,,,,,,,,,,,,,,,,,,Jun.ja,,Jun.ja,June,,,,,,,,,,Yn.ja,,,,,,,,,,,,,,,,,,,,,,,,,,,,,,,Yn.ja[Yn.jɐ],,,Yn.ja[Yn.jɐ],June,,,,,Ynj,,,,,,,,,,Yɲ,,Yɲ,,,,,,,,,,,,,,,,,,,,,,,,,,yɲ,June,,,,,,,,,,,,,,,,,,,,,,,,,,,,,,iɲ,,,,,,,,,,,,,,,,,,,,,ei̯ɲ,,,,,,,,,,,,,ei̯ɲ,June
,,,,,,,,,,,,,,,,,,,,,,,,,,,,,,,,,,,,,,,,,,,,,,,,,,,,,,,,,,,,,,,,,,,,,,,,,,,,,,,,,,,,,,,,,,,,,,,,,,,,,,,,,,,,,,,,,,,,,,,,,,,,,,,,,,,,,,,,,,,,,,,,,,,,,,,,,,,,,,,,,,,,,,,,,,,,,,,,,,,,,,,,,,,,,,,,,,,,,,,,,,,,,,,,,,,,,,,,,,,,,,,,,,,,,,,,,,,,,,,,,,,,,,,,,,,,,,,,,,,,,,,,,,,,,,,,,,,,,,,,,,,,,,,,L^L iūlius > Jul.jor,,,,,,,,,Jul.jo˞,,,,,,,,,,,,,,,,,,,,,,Jul.jo,Jul.jo,July,,,,,,,,Jol.jo,,,,,,,,,,,,,,,,,,,,,,,,,Jol.ja,,Jol.ja,July,,,,,,,,,Ul.ja,,,,,,,,,,,,,,,,,,,,,,,,,,,,,,,,Ul.ja[Ul.jɐ],,,Ul.ja[Ul.jɐ],July,,,,,Ulj,,,,,,,,,Uʎ,,,Uʎ,,,,,,,,,,,,,,,,,,,,,,,,,,uʎ,July,,,,,,,,,,,,,,,,,,,,,,,,,,,,,,,,,,,,,,,,,,,,,,,,,,,,,,,,,,,,,,,,uʎ,July
,,,,,,,,,,,,,,,,,,,,,,,,,,,,,,,,,,,,,,,,,,,,,,,,,,,,,,,,,,,,,,,,,,,,,,,,,,,,,,,,,,,,,,,,,,,,,,,,,,,,,,,,,,,,,,,,,,,,,,,,,,,,,,,,,,,,,,,,,,,,,,,,,,,,,,,,,,,,,,,,,,,,,,,,,,,,,,,,,,,,,,,,,,,,,,,,,,,,,,,,,,,,,,,,,,,,,,,,,,,,,,,,,,,,,,,,,,,,,,,,,,,,,,,,,,,,,,,,,,,,,,,,,,,,,,,,,,,,,,,,,,,,,,,,L^L augustus > Au̯.gu.stor[Au̯.ɣu.ʃtor],,,,,,,,,Au̯.gu.sto˞[Au̯.ɣu.ʃto˞],,,,,,,,,,,,,,,,,Ou̯.gu.sto˞[Ou̯.ɣu.ʃto˞],,,,,Ou̯.gu.sto[Ou̯.ɣu.ʃto],Ou̯.gu.sto[Ou̯.ɣu.ʃto],August,,,,,,,,,,,,,,,,,,,,,,,,,,,,,,,,,Ou̯.gu.sta[Ou̯.ɣu.ʃta],,Ou̯.gu.sta[Ou̯.ɣu.ʃta],August,,,,,,,,,,,,,,,,,,Ou̯.ju.sta[Ou̯.ju.ʃta],,,,,,,,,,,,,,,Ou̯.ju.ʃta,,,,,,Ou̯.ju.ʃna,,Ou̯.ju.ʃna[Ou̯.ju.ʃnɐ],,,Ou̯.ju.ʃna[Ou̯.ju.ʃnɐ],August,,,,,Ou̯.juʃn,,,Ou̯.ju.ʃn̩,,,,,Ou̯.ju.sn̩,,,,Ou̯.ju.sn̩,,,,,,,,,,,,,,,,,,,ou̯.ju.sn̩[ou̯.ju.sən],,,,,,,ou̯.ju.sn̩[ou̯.ju.sən],August,,,,,,,,,,,,,,,,,,,,,,,,ou̯.ju.sn̩[ou̯.ju.zən],,,,,,,,,,,,,,,,,,,,,,,u.ju.sn̩[u.ju.zən],,,,,,,,,,,,,,,,,u.ju.sn̩[u.ju.zən],August
@@@@,,,,,,,,,,,,,,,,,,,,,,,,,,,,,,,,,,,,,,,,,,,,,,,,,,,,,,,,,,,,,,,,,,,,,,,,,,,,,,,,,,,,,,,,,,,,,,,,,,,,,,,,,,,,,,,,,,,,,,,,,,,,,,,,,,,,,,,,,,,,,,,,,,,,,,,,,,,,,,,,,,,,,,,,,,,,,,,,,,,,,,,,,,,,,,,,,,,,,,,,,,,,,,,,,,,,,,,,,,,,,,,,,,,,,,,,,,,,,,,,,,,,,,,,,,,,,,,,,,,,,,,,,,,,,,,,,,,,,,,,,,,,,,,,,,,,,,,,,,,,,,,,,,,,,,,,,,,,,,,,,,,,,,,,,,,,,,,,,,,,,,,,,,,,,,,,,,,,,,,,,,,,,,,,,,,,,,,,,,,,,,,,,,,,,,,,,,,,,,,,,,,,,,,,,,,,,,,,,,,,,,,,,,,,,,,,,,,,,,,,,,,,,,,,,,,,,,,,,,,,,,,,,,,,,,,,,,,,,,,,,,,,,,,,,,,,,,,,,,,,,,,,,,,,,,,